Feature,Importance
SHD,0.39930353
Jaccard,0.119632624
DensityDifference,0.067374274
PreviousRegime,0.055511866
RemovedEdges,0.051816348
AddedEdges,0.037403885
ConfidenceDifference,0.035977494
MaxEdgeWeightDifference,0.03469959
EntropyDifference,0.029223463
MeanEdgeWeightDifference,0.019815452
PreviousEntropy,0.018568683
CurrentDensity,0.017576434
AverageEdgeWeightDifference,0.016059577
PreviousDensity,0.015470428
ClusteringDifference,0.014901808
CurrentAverageDegree,0.014420956
CurrentRegime,0.014146912
CurrentEntropy,0.01215454
PreviousConfidence,0.010588568
CurrentConfidence,0.009153002
AverageInDegreeDifference,0.0061304113
PreviousAverageDegree,7.017747e-05
AverageOutDegreeDifference,0.0
RegimeChanged,0.0
AdjacencySparsityDifference,0.0
