Date,Inflation,IndustrialProductionGrowth,MoneySupplyGrowth,SP500_Return,NASDAQ_Return,VIX_Change,Unemployment_Change,FedFunds,YieldCurveSpread
1996-01-01,2.7906976744185963,1.8788215519394358,0.48487519973552384,3.2617386869231213,0.7280501595941624,0.07986641247539339,0.0,5.56,0.6500000000000004
1996-02-01,2.717031146454607,3.4865787366735512,0.36738498656576635,0.6933701784703983,3.7988665944850064,35.9936255280886,-0.09999999999999964,5.22,0.9799999999999995
1996-03-01,2.8439153439153486,3.188414739319012,0.6719842657342712,0.7916567590839696,0.12271946966191383,10.798111187673687,0.0,5.31,1.3099999999999996
1996-04-01,2.832674571805005,4.395391371041835,0.29847506376512456,1.343142201418468,8.09151926109668,-16.154657694045692,0.09999999999999964,5.22,1.5599999999999996
1996-05-01,2.827087442472065,4.661591494286932,0.3868628936262164,2.2853405991703157,4.444279248703431,1.516107215886664,0.0,5.24,1.7200000000000006
1996-06-01,2.8215223097112663,5.110978907668273,0.339558573853993,0.22567099722681228,-4.697492553390237,-14.872429589517688,-0.2999999999999998,5.27,1.8200000000000003
1996-07-01,2.8833551769331667,5.568536043472649,0.38138210727043376,-4.57480167192077,-8.812513880756734,42.25145212248302,0.20000000000000018,5.4,1.7199999999999998
1996-08-01,2.8122956180510084,4.720645436557502,0.17658862876253067,1.881393514756069,5.636738828446242,-12.589922769039086,-0.40000000000000036,5.22,1.5899999999999999
1996-09-01,3.0045721750489918,4.952801645891314,0.26975775219679754,5.420332732833044,7.483140074052774,-0.3527305416522464,0.10000000000000053,5.3,1.7400000000000002
1996-10-01,3.0618892508143203,5.168722601692299,0.511427201534298,2.610100242291802,-0.440944314699665,6.843656608844539,0.0,5.24,1.54
1996-11-01,3.2530904359141077,5.855898562613082,0.585678698256209,7.337615178140577,5.820662542059707,-5.356163379413004,0.20000000000000018,5.31,1.17
1996-12-01,3.378817413905133,6.165643121709419,0.6112501646686752,-2.1505414489508046,-0.12222991254843274,22.05368040402853,0.0,5.29,1.3899999999999997
1997-01-01,3.0381383322559907,6.946049233947327,0.4006599104407371,6.131703905412889,6.879773845185921,-6.931169969652928,-0.10000000000000053,5.25,1.5499999999999998
1997-02-01,3.0322580645161246,6.661807501031536,0.2869066249348018,0.5927590234654057,-5.134614402978976,8.371859915769075,-0.09999999999999964,5.19,1.4100000000000001
1997-03-01,2.7652733118971096,7.470272474009643,0.37711313394017676,-4.261401064074876,-6.669216869986627,4.928905162921482,0.0,5.39,1.5500000000000007
1997-04-01,2.434336963484962,6.536171976339267,0.42233449928748,5.840557906734034,3.197189175319437,-9.394760528668133,-0.10000000000000053,5.51,1.7299999999999995
1997-05-01,2.237851662404089,6.331688761977006,0.3792765364569739,5.857688480332501,11.069508506173321,-4.336983823762508,-0.1999999999999993,5.5,1.6600000000000001
1997-06-01,2.233567326100827,6.012329789391524,0.4266803752730919,4.345261479527585,2.9814614946134466,12.19385141983167,0.09999999999999964,5.56,1.5600000000000005
1997-07-01,2.165605095541401,6.901473595485519,0.4555808656036442,7.814580943742477,10.522382266905051,-0.23223939997454313,-0.09999999999999964,5.52,1.17
1997-08-01,2.2900763358778775,7.421174007233544,0.8356900812759527,-5.746563170852836,-0.4072073877117943,15.270022144069495,-0.10000000000000053,5.54,1.1600000000000001
1997-09-01,2.21940393151554,7.7307713474798145,0.40427521034944736,5.315359061556713,6.197238014123307,-7.471730066107818,0.10000000000000053,5.54,1.2599999999999998
1997-10-01,2.0859671302149163,8.653836077256006,0.47814379545512153,-3.4477697375220218,-5.462449160601379,53.16455864818184,-0.20000000000000018,5.5,1.0600000000000005
1997-11-01,1.8903591682419618,8.512624010737335,0.5585192977183295,4.4586855212639165,0.43549322232889764,-21.82958054745743,-0.10000000000000053,5.52,0.7400000000000002
1997-12-01,1.6970458830924073,8.280957988374027,0.4483188044831943,1.5731597108694428,-1.88685591333424,-12.46810075918453,0.10000000000000053,5.5,0.6499999999999995
1998-01-01,1.6311166875784044,8.58347433946034,0.5504587155963359,1.0150177442407982,3.1209609658724657,-10.5789291599921,-0.10000000000000053,5.56,0.5
1998-02-01,1.440200375704448,7.476143150007708,0.7915762477806343,7.044919253631243,9.333935985904196,-13.600373403261734,0.0,5.51,0.4800000000000004
1998-03-01,1.3767209011263937,6.835942439493192,0.6140973258630167,4.994571434122053,3.680862778852023,30.56603940428202,0.10000000000000053,5.49,0.6200000000000001
1998-04-01,1.4383989993745905,7.077008185695677,0.6443925688162544,0.9076469253460395,1.782989383285205,-12.551606500263212,-0.40000000000000036,5.45,0.6899999999999995
1998-05-01,1.6885553470919357,7.188999827918208,0.6523472420208343,-1.8826223261468433,-4.792312042030533,0.6609980530275283,0.10000000000000053,5.49,0.6500000000000004
1998-06-01,1.6229712858926382,6.058575229559682,0.472887011210088,3.9438240635040422,6.5136853977659115,-7.551597717622938,0.09999999999999964,5.56,0.5199999999999996
1998-07-01,1.74563591022443,4.755871384932742,0.4730504587155737,-1.1615326917385427,-1.179580084926224,25.824456565285914,0.0,5.54,0.5
1998-08-01,1.6169154228855787,5.865515150473688,0.5683169258572374,-14.579671825011387,-19.928541154845803,78.54838766739103,0.0,5.55,0.4399999999999995
1998-09-01,1.4267990074441794,4.848836473856544,0.9221384153405898,6.239551504341101,12.97915396500333,-7.5203209307999614,0.09999999999999964,5.51,0.1999999999999993
1998-10-01,1.4860681114551078,4.637794383238925,0.9347983974884455,8.029422856762892,4.578357483173923,-31.50183464112083,-0.09999999999999964,5.07,0.5700000000000003
1998-11-01,1.4842300556586308,3.741486019967022,0.8959658325983,5.912599628568138,10.05707511845828,-7.27272393463525,-0.09999999999999964,4.83,0.41999999999999993
1998-12-01,1.606922126081578,3.7695732652959,0.660255820373612,5.637528708495609,12.472167663746813,-6.113033981531213,0.0,4.68,0.2600000000000007
1999-01-01,1.6666666666666607,3.763083805136991,0.5987887098617195,4.100944085374847,14.283823045724775,7.493857158020867,-0.10000000000000053,4.63,0.3799999999999999
1999-02-01,1.6666666666666607,4.225398806274816,0.4998068927914323,-3.2282562377591306,-8.693912048031372,6.209520612444197,0.10000000000000053,4.76,0.5599999999999996
1999-03-01,1.7283950617283939,4.425125461604007,0.14467527183128492,3.87942154089167,7.5772551420643985,-16.57101531906118,-0.20000000000000018,4.81,0.79
1999-04-01,2.281134401972884,4.307254602909483,0.6726710458003105,3.7944027596277463,3.3095071223720574,7.781596939517277,0.09999999999999964,4.74,0.8899999999999997
1999-05-01,2.091020910209096,4.27940147673862,0.6278167671920798,-2.4970480796175143,-2.844831600428399,1.276424805423071,-0.09999999999999964,4.74,1.04
1999-06-01,1.9656019656019597,4.826418688874012,0.4946634283295337,5.443833111432483,8.726911579415475,-16.935798898891154,0.09999999999999964,4.76,1.33
1999-07-01,2.1446078431372584,5.839978413843561,0.6097425777698895,-3.2046092391091685,-1.7731942309041626,16.832618356453356,0.0,4.99,1.2400000000000002
1999-08-01,2.2643818849449104,4.109544569149426,0.35260930888576514,-0.6254091687235008,3.8226450657451894,-0.7710983417832717,-0.09999999999999964,5.07,1.2200000000000006
1999-09-01,2.629969418960254,3.7444563415508503,0.3491742796907893,-2.8551792448024638,0.24859233797649427,3.9263765010911333,0.0,5.22,1.2400000000000002
1999-10-01,2.56253813300793,4.29950432876991,0.5120910384068145,6.253954145238461,8.021019408227282,-12.63281819657146,-0.10000000000000053,5.2,1.25
1999-11-01,2.6203534430225606,4.884601547870515,0.41368198741535966,1.9061858969220413,12.46380292098339,8.918916550407175,0.0,5.42,0.96
1999-12-01,2.676399026763998,5.216917187508963,0.5897786161885632,5.784389473992291,21.975869436690807,1.9023948662820978,-0.09999999999999964,5.3,1.08
2000-01-01,2.792956891317555,4.620955049951481,0.5820094414864974,-5.090354879190063,-3.1690866284606822,1.2581224877028507,0.0,5.45,1.3399999999999999
2000-02-01,3.2179720704310855,4.313335681097841,0.2700327896958843,-2.0108083256356934,19.194737142770045,-6.332664831229085,0.09999999999999964,5.73,0.9699999999999998
2000-03-01,3.762135922330101,4.447293166354416,0.6497531365550424,9.671982835364812,-2.6371735163800203,3.16645162406608,-0.09999999999999964,5.85,0.5699999999999994
2000-04-01,3.013863773357439,4.828026846244748,1.216793017774087,-3.0795755780191336,-15.573947727085379,8.668602653168577,-0.20000000000000018,6.02,0.33000000000000007
2000-05-01,3.1325301204819134,4.451469064576807,-0.18672373279623455,-2.1915050603417807,-11.908585849738918,-9.732828512036583,0.20000000000000018,6.27,0.6500000000000004
2000-06-01,3.7349397590361377,4.574285752844154,0.38465580662112586,2.3933549615877237,16.619087535957135,-17.37843031414963,0.0,6.53,0.40999999999999925
2000-07-01,3.5992801439711952,3.7698485910728996,0.36852464508563276,-1.6341275904170893,-5.0205393141981025,6.141242576080175,0.0,6.54,0.08999999999999986
2000-08-01,3.3512866546977715,3.0734226950164922,0.563274502440847,6.069910494167097,11.663426464123393,-18.80424137690341,0.09999999999999964,6.5,-0.2599999999999998
2000-09-01,3.45649582836709,3.968806853188922,0.7364534063563299,-5.3482974719764265,-12.68391876354168,22.14964078645285,-0.19999999999999973,6.52,-0.20000000000000018
2000-10-01,3.4503271861986873,2.3142184859096693,0.3191993245330371,-0.49494854217706497,-8.25496974814528,14.87603068225778,0.0,6.51,-0.3700000000000001
2000-11-01,3.444180522565321,1.8491278756576968,0.2299133719259494,-8.006861010730892,-22.90162356133211,25.476092558474626,0.0,6.51,-0.4500000000000002
2000-12-01,3.4360189573459543,0.7397718173229428,0.915495842379066,0.40534456237286687,-4.904285930025609,-9.44350513687915,0.0,6.4,-0.5299999999999994
2001-01-01,3.7212049616065945,0.3976490637767949,1.004606985570189,3.4636576676164488,12.232645700027177,-17.988826275918544,0.30000000000000027,5.98,0.009999999999999787
2001-02-01,3.529411764705892,-0.5668458865284554,0.765552162031824,-9.229073539585963,-22.39308936381834,28.74659306137417,0.0,5.49,0.21999999999999975
2001-03-01,2.9824561403508643,-1.122295725249156,1.1425950667012241,-6.420471080339151,-14.479306313575746,1.0229241773423992,0.09999999999999964,5.31,0.46999999999999975
2001-04-01,3.2182562902282053,-2.0602186217959284,1.295295926816764,7.681436165439459,14.99679279037851,-11.033519255430758,0.10000000000000053,4.8,1.2699999999999996
2001-05-01,3.5630841121495394,-2.791181055600911,0.02335584577357608,0.5090187401275648,-0.2717083141105969,-11.145997659380747,-0.10000000000000053,4.21,1.7699999999999996
2001-06-01,3.193960511033689,-3.3422163718917375,0.8406141153120217,-2.503538942756467,2.3714895147437742,-15.812720937364166,0.20000000000000018,3.97,1.79
2001-07-01,2.7214823393167498,-3.773511714911293,0.5731046060629463,-1.0740149595403703,-6.174846647950883,13.431277256147812,0.09999999999999964,3.77,1.7300000000000004
2001-08-01,2.7214823393167498,-3.6215277665228585,0.6216423637758872,-6.410840688075748,-10.936641983388318,15.263640652002675,0.3000000000000007,3.65,1.6099999999999999
2001-09-01,2.5921658986175045,-4.55015745457048,2.126077339638477,-8.172340570563886,-16.98376540550853,28.130016883709217,0.09999999999999964,3.07,2.0900000000000003
2001-10-01,2.127659574468077,-4.440502321905382,-0.22218488022553995,1.8099111333141016,12.770209241279451,5.104920302337157,0.2999999999999998,2.49,2.41
2001-11-01,1.894374282433997,-5.044913960783126,0.8139970059880319,7.51759041240454,14.221986263586661,-28.963053703683283,0.20000000000000018,2.09,2.7800000000000002
2001-12-01,1.603665521191311,-4.774776238202749,0.9763341067285491,0.7573834088927756,1.026638047143047,-0.16778907412465793,0.20000000000000018,1.82,3.4
2002-01-01,1.1958997722095743,-3.682618441383212,0.35844929321151575,-1.5573832456979853,-0.8393147514497934,-11.386551140105661,0.0,1.73,3.39
2002-02-01,1.1363636363636465,-3.0399744149724905,0.5275111729796889,-2.0766211039727644,-10.472435070521335,2.370791827323182,0.0,1.74,3.1900000000000004
2002-03-01,1.3628620102214661,-2.1374903694403535,0.20771080825012778,3.6738892862074657,6.575838497117159,-19.407135268386654,0.0,1.73,3.49
2002-04-01,1.643990929705219,-1.3053329089064758,0.027273719044318412,-6.141762591921907,-8.514373815042775,25.919542113546214,0.20000000000000018,1.75,3.5
2002-05-01,1.2408347433727984,-0.43328851038398897,0.5235126242888022,-0.9081481352177012,-4.294438603671158,-8.808764576069784,-0.10000000000000053,1.75,3.43
2002-06-01,1.0692177827799743,0.920910919642548,0.455687962243001,-7.24553538081798,-9.439697311737783,27.12712813049094,0.0,1.75,3.2299999999999995
2002-07-01,1.465614430665152,1.5386975548359105,0.7614350260112035,-7.9004275149407555,-9.222869907570242,26.10235929267397,0.0,1.73,2.9700000000000006
2002-08-01,1.747463359639223,1.5424836015125454,0.7306702872659665,0.4881433306494154,-1.00959406148603,1.904466542614558,-0.09999999999999964,1.74,2.6399999999999997
2002-09-01,1.516002245929271,2.146064440525741,0.4327392036889144,-11.002431825242788,-10.859787781382124,21.59926277234061,0.0,1.75,2.24
2002-10-01,2.0270270270270174,2.2135422551443185,0.7840505747938487,8.644880033371404,13.454083709280917,-21.541948936493295,0.0,1.75,2.36
2002-11-01,2.2535211267605604,3.4115039217915255,0.8883359907486899,5.706962070498589,11.207372009541272,-11.689144062277823,0.20000000000000018,1.34,2.82
2002-12-01,2.4802705749718212,2.880394484854265,0.36470996873914086,-6.033257188502883,-9.688392911241273,4.072730324485074,0.09999999999999964,1.24,2.8400000000000003
2003-01-01,2.757456387169399,3.071140654513904,0.5554594220453346,-2.741469268304464,-1.0932134899160895,8.909850322453195,-0.20000000000000018,1.24,2.88
2003-02-01,3.146067415730336,3.1817124112425654,0.6143415188174295,-1.700360825687175,1.2574653020845261,-4.940650984144779,0.10000000000000053,1.26,2.73
2003-03-01,3.025210084033625,2.1709435832793167,0.3335157693097113,0.8357567684332823,0.2728949369551703,-1.619978251203913,0.0,1.25,2.68
2003-04-01,2.175125488008911,1.0688138922369639,0.6579956701839196,8.10441071800323,9.181536316319526,-27.238424143958717,0.09999999999999964,1.26,2.83
2003-05-01,1.8941504178273005,0.636921435240767,1.0516689529035173,5.0898709609522585,8.98716599080931,-8.203676785596759,0.09999999999999964,1.26,2.5
2003-06-01,1.948775055679297,-0.05887145406980876,0.6184012066364986,1.1322214676852127,1.6849329894876641,0.25681122841585413,0.20000000000000018,1.22,2.41
2003-07-01,2.055555555555544,0.48700385655000566,0.7744965772248147,1.6223701958536507,6.915206268582663,-0.1536920386370988,-0.09999999999999964,1.01,3.08
2003-08-01,2.216066481994461,0.37923869625795525,0.9354753404733573,1.7873203593487874,4.347496328082934,-4.412522424068877,-0.10000000000000053,1.03,3.5
2003-09-01,2.378318584070782,0.9407289987876988,-0.44211560504339165,-1.1944364585525724,-1.298572752613647,21.95383970387461,0.0,1.01,3.3299999999999996
2003-10-01,2.041942604856528,1.2759729528664998,-0.1611842105263217,5.496148663571665,8.129541243391113,-29.137320123040766,-0.09999999999999964,1.01,3.37
2003-11-01,1.9283746556473913,1.387033904173962,0.08731178544365559,0.7128504071372888,1.451708116364081,1.3664553300737792,-0.20000000000000018,1.0,3.3699999999999997
2003-12-01,2.0352035203520247,1.9841883950955763,-0.03291910130853726,5.076554077889206,2.199197307336642,12.193626276532843,-0.09999999999999964,0.98,3.3699999999999997
2004-01-01,2.026286966046009,1.2763588097255418,0.1284267720424781,1.7276386950755285,3.133715059104203,-9.175315970383702,0.0,1.0,3.2700000000000005
2004-02-01,1.688453159041381,1.7663898756903773,0.6478877871507693,1.220897373761054,-1.7583407676992069,-12.507510974136782,-0.10000000000000053,1.01,3.15
2004-03-01,1.7400761283306032,1.626375894029275,0.5816328197755238,-1.635891961786684,-1.753848938720981,15.051543310479442,0.20000000000000018,1.0,2.89
2004-04-01,2.2925764192139875,2.615123170170186,0.6854766661793521,-1.6790751960348183,-3.7142314978897195,2.6881766373488825,-0.20000000000000018,1.0,3.4099999999999997
2004-05-01,2.8977583378895444,3.38458309862264,1.2696620150036253,1.208345009735412,3.4679564082828573,-9.831300067206572,0.0,1.0,3.6999999999999997
2004-06-01,3.1676679410158393,2.447031362551799,0.03345440642326114,1.7988998771432563,3.0728756217829556,-7.483869983303936,0.0,1.03,3.4600000000000004
2004-07-01,2.939575394665228,2.6848554355043186,0.20702944595736295,-3.4290519520026264,-7.834301888897954,6.834027418468835,-0.09999999999999964,1.26,3.17
2004-08-01,2.5474254742547275,2.9784524146032165,0.4036679751442174,0.22873503233691306,-2.609995451209557,-0.19582071520097832,-0.09999999999999964,1.43,2.8000000000000003
2004-09-01,2.5391680172879516,2.448803847620762,0.5476676638650257,0.9363875526838816,3.1956907140293422,-12.753432401113052,0.0,1.61,2.48
2004-10-01,3.1909140075716547,3.1957484615569243,0.43448829557797275,1.4014243690939843,4.120011483428732,21.964020027446374,0.09999999999999964,1.76,2.34
2004-11-01,3.621621621621607,2.763005391785356,0.41379958933527305,3.859493629597055,6.168135988624357,-18.623236640412387,-0.09999999999999964,1.93,2.1200000000000006
2004-12-01,3.3423180592991875,3.551152067738861,0.28097341679285126,3.245821284320516,3.7499764220529475,0.3776449516557756,0.0,2.16,2.0400000000000005
2005-01-01,2.8448738593666034,3.7656681883018184,0.08716903008887389,-2.529046744229402,-5.1957320055367795,-3.5364956236107803,-0.10000000000000053,2.28,1.8899999999999997
2005-02-01,3.0530262453133394,3.8921878697906642,0.12130826295899677,1.8903346132113308,-0.5183228292050202,-5.772229241291804,0.10000000000000053,2.5,1.63
2005-03-01,3.2068412613575736,4.168552298887196,0.13824813209688536,-1.911765556028966,-2.5583408546921094,16.059607171441414,-0.20000000000000018,2.63,1.7599999999999998
2005-04-01,3.3617929562433257,4.006456472613795,0.22957838240311723,-2.0108582083263493,-3.880491829984345,9.201140654304908,0.0,2.79,1.56
2005-05-01,2.869287991498415,3.3534790649275337,0.2971492246262475,2.995204663120865,7.627296564251007,-13.193993483993937,-0.10000000000000053,3.0,1.2999999999999998
2005-06-01,2.541026998411855,4.6347083589064475,0.5030398419899385,-0.014271417986777557,-0.5444299893205717,-9.405568123310303,-0.09999999999999964,3.04,1.0299999999999998
2005-07-01,3.067160232681121,3.5298493345260917,0.48977461155808033,3.596828690361842,6.2164611667609115,-3.9036567152652246,0.0,3.26,0.9599999999999995
2005-08-01,3.6469344608879517,3.797594088074363,0.4828039296572939,-1.122210459860007,-1.498514258027428,8.902339790953274,-0.09999999999999964,3.5,0.8199999999999998
2005-09-01,4.741833508956805,1.6574450087309733,0.5093740021591353,0.694902431673361,-0.018593389125598492,-5.396827655464453,0.09999999999999964,3.62,0.7800000000000002
2005-10-01,4.350104821802936,2.0209103457029087,0.5113309733442373,-1.7740779932313488,-1.458848320758055,28.52348655007202,0.0,3.78,0.75
2005-11-01,3.3385498174230532,2.9120723180627417,0.2498494882600788,3.5186096519093324,5.306797007029229,-21.279369061011767,0.0,4.0,0.6600000000000001
2005-12-01,3.3385498174230532,2.6259073757150198,0.40236615319939606,-0.09523493171964548,-1.2316263361161206,0.08291272686240525,-0.09999999999999964,4.16,0.5799999999999996
2006-01-01,4.018789144050117,2.4194801632455576,0.6130932798995126,2.5466771341108085,4.5571616311806284,7.29080477788473,-0.20000000000000018,4.29,0.17999999999999972
2006-02-01,3.63825363825363,1.7242361205308532,0.3671006479995409,0.04531577283561905,-1.059500527230317,-4.710422128661495,0.09999999999999964,4.49,0.14000000000000057
2006-03-01,3.4179181771103018,2.091541760329152,0.20435059454175786,1.1095810408889628,2.5598494441640085,-7.698539688153138,-0.09999999999999964,4.59,0.20999999999999996
2006-04-01,3.613835828600931,2.1816142662632876,0.5822459324062779,1.215565291784415,-0.7359622195000304,1.7559245235877707,0.0,4.79,0.39000000000000057
2006-05-01,3.9772727272727293,2.1156664964513183,0.13810734172752248,-3.0916916538203165,-6.186688940169427,41.8464220674474,-0.10000000000000053,4.94,0.39000000000000057
2006-06-01,4.1817243159525175,1.9803386251444621,0.561937878721186,0.008659650459597046,-0.3116185970339358,-20.437959253047943,0.0,4.99,0.3200000000000003
2006-07-01,4.104669061056954,2.251836527383766,0.6142398599358057,0.5085878803453348,-3.7116378200405253,14.296635294086757,0.10000000000000053,5.24,0.13999999999999968
2006-08-01,3.926568077511483,2.3669704568583194,0.4393787793100401,2.127419311502643,4.4122091442628575,-17.658859018930016,0.0,5.25,-0.08000000000000007
2006-09-01,2.012072434607637,4.2159275134967755,0.3811503811503858,2.4566297967782313,3.419802250286197,-2.680754395869034,-0.20000000000000018,5.25,-0.08999999999999986
2006-10-01,1.4063284781516971,2.8481025781383007,0.7090668507651721,3.1508003585395628,4.794482564186331,-7.3455692353251,-0.09999999999999964,5.25,-0.1899999999999995
2006-11-01,1.9687026754164672,1.6621660136106442,0.5027063309578583,1.6466656343095964,2.748966272486486,-1.7117164642156624,0.09999999999999964,5.25,-0.34000000000000075
2006-12-01,2.5239777889954462,2.1707334984272686,0.5968198030494642,1.2615782814670462,-0.677694861618805,5.9578421750278165,-0.09999999999999964,5.24,-0.29000000000000004
2007-01-01,2.075765178123423,1.6646656462990128,0.5127625612701747,1.4059043023177953,2.0138323676027303,-9.861594307455535,0.1999999999999993,5.25,-0.22000000000000064
2007-02-01,2.420260782347028,2.5793632616832207,0.22907414694472994,-2.1846175991944383,-1.9391797097517482,47.984644562290036,-0.09999999999999964,5.26,-0.3100000000000005
2007-03-01,2.798197295943927,2.5308035115800154,0.45990549502936684,0.9979982939206433,0.22722059707676046,-5.058364002023119,-0.09999999999999964,5.26,-0.3800000000000008
2007-04-01,2.5929247633283525,2.9076019270608766,1.049590352701446,4.3290690426759815,4.271906637710909,-2.8688529128724105,0.09999999999999964,5.25,-0.17999999999999972
2007-05-01,2.709885742672613,2.9798485426711263,0.23757234215944223,3.2549228707361655,3.1456276360808166,-8.22784848328565,-0.09999999999999964,5.25,0.019999999999999574
2007-06-01,2.692765113974227,2.7140344521729087,0.46161689931238925,-1.781632254788501,-0.04953077929238381,24.367810766464014,0.1999999999999993,5.25,0.4899999999999993
2007-07-01,2.3178905864958077,2.6434417747193573,0.42794831701093994,-3.198187836198829,-2.188049514059587,44.91682761022959,0.10000000000000053,5.26,0.17999999999999972
2007-08-01,1.897448478900876,2.3917510021752353,1.0270698462126804,1.2863572018857905,1.9671946614619573,-0.5952435980963511,-0.10000000000000053,5.02,0.46999999999999975
2007-09-01,2.8338264299802685,2.7901202497425004,0.22711910233879085,3.579400817860079,4.049511170564335,-23.01111785236778,0.10000000000000053,4.94,0.6299999999999994
2007-10-01,3.610698365527476,2.6179282370540014,0.2050230650948226,1.4822338223554832,5.834540706551916,2.9444482591417076,0.0,4.76,0.6300000000000003
2007-11-01,4.373267326732666,3.2087670061424323,0.33651904697806767,-4.404341737941575,-6.930809064605825,23.421478638776904,0.0,4.49,0.8800000000000003
2007-12-01,4.108813392417532,2.2029778334589523,0.3850281727931337,-0.8628508561297932,-0.32619549967098926,-1.6178435752335574,0.2999999999999998,4.24,1.0999999999999996
2008-01-01,4.294695655165981,2.4141930753466267,0.4129525438678616,-6.116343227776988,-9.894125770142303,16.444447835286468,0.0,3.94,0.9900000000000002
2008-02-01,4.142959270611968,1.0602796518591306,1.1539075809199328,-3.476119273728817,-4.953433323795286,1.2977104682715401,-0.09999999999999964,2.98,1.62
2008-03-01,3.9749035501344343,0.5734255066876637,0.8499664486928182,-0.5959623397817415,0.33546926466538896,-3.504145716256113,0.1999999999999993,2.61,2.25
2008-04-01,3.9037609759888126,-0.7427676334748168,0.6066615350493798,4.75466976412291,5.8663483586950615,-18.820771495319576,-0.09999999999999964,2.28,2.39
2008-05-01,4.088413823123993,-1.4383086308347726,0.21915605467230925,1.067418170406853,4.5532104218336755,-14.2376183812987,0.40000000000000036,1.98,2.15
2008-06-01,4.935966105947864,-1.724935725071297,0.24584966939689146,-8.596238482631446,-9.104672831169436,34.32417759630211,0.1999999999999993,2.0,2.2399999999999993
2008-07-01,5.497512078341837,-1.9585471027037116,0.6144076000671239,-0.9859371185302779,1.4204253258555122,-4.217119819239102,0.20000000000000018,2.01,2.38
2008-08-01,5.308017162091239,-3.6832804845724265,0.17832172317797657,1.2190464669121548,1.8047330662384287,-9.982566966934082,0.2999999999999998,2.0,2.17
2008-09-01,4.953319875136075,-8.130031129578574,0.8298330089130168,-9.079143354379216,-11.642568360343775,90.75060589493577,0.0,1.81,2.56
2008-10-01,3.7310578899565128,-6.954317961916079,1.3043588701483477,-16.942452401777075,-17.7318943926128,52.04366671147329,0.40000000000000036,0.97,3.14
2008-11-01,1.0999174706166848,-8.669827230747885,0.6456627759738209,-7.484904233870971,-10.771957938496623,-7.6974464139807015,0.2999999999999998,0.39,3.34
2008-12-01,-0.02222800255385904,-11.276192783181926,2.182416104038465,0.7821576633499472,2.6999801023722236,-27.641098257439634,0.5,0.16,2.39
2009-01-01,-0.11358601902212717,-13.374567704176643,0.989881750579058,-8.565734305805428,-6.379712718369723,12.100000381469723,0.5,0.15,2.39
2009-02-01,0.008463140671510772,-13.562730377303279,0.3681707346514962,-10.993119762019942,-6.676966932904326,3.3675252372764586,0.5000000000000009,0.22,2.5700000000000003
2009-03-01,-0.4464787676623838,-14.656035046526473,0.7913695022069289,8.540446199532292,10.941038418075589,-4.7680672216344755,0.3999999999999986,0.18,2.61
2009-04-01,-0.5763244243767063,-14.81395936696125,0.11574488395680316,9.392507914826332,12.345369734684986,-17.308562517651836,0.3000000000000007,0.15,2.77
2009-05-01,-1.015761495855172,-15.160361194166793,0.7473004219207935,5.308144638516654,3.3209052352545676,-20.76712307864672,0.40000000000000036,0.18,3.11
2009-06-01,-1.2291746182109153,-15.282480369076357,0.1183025943758853,0.019582726560973818,3.4215779765565335,-8.886582600429783,0.09999999999999964,0.21,3.54
2009-07-01,-1.9587610037622771,-14.018720654921957,0.051991634073411674,7.414172714778422,7.817810940560843,-1.6318796924123524,0.0,0.16,3.38
2009-08-01,-1.4838355663267633,-11.689299172061052,-0.012991154204988753,3.356018886854417,1.544607459881231,0.3472228098880592,0.09999999999999964,0.16,3.42
2009-09-01,-1.377942862886472,-6.805879122929537,-0.04134086130731518,3.5723345723119637,5.642432778271278,-1.537868569820755,0.20000000000000107,0.15,3.28
2009-10-01,-0.22396829420033848,-7.474512230012276,0.31313883276022914,-1.9762000526814205,-3.6425372626138874,19.836000791240593,0.1999999999999993,0.12,3.3200000000000003
2009-11-01,1.9145871744709275,-5.83001235670767,0.33807661499316577,5.736406145372763,4.864780526098933,-20.136853038883608,-0.09999999999999964,0.12,3.35
2009-12-01,2.8141231232083674,-2.704223119324234,-0.08570187487525471,1.7770570919338313,5.807600439056948,-11.546307210439243,0.0,0.12,3.54
2010-01-01,2.6211113889767157,0.87230439200634,-0.44062698282142376,-3.6974245692262153,-5.367640302727283,13.560887881333361,-0.09999999999999964,0.11,3.67
2010-02-01,2.151336357866529,1.8708182344855606,0.5936434126824874,2.8513689046546054,4.233585953617891,-20.796103430973,0.0,0.13,3.58
2010-03-01,2.2861714393279886,4.200672107537207,-0.0516225919234059,5.8796425545497355,7.135004444304838,-9.794871012369788,0.09999999999999964,0.16,3.58
2010-04-01,2.2067707525304403,5.4282103558062955,0.4143678835544007,1.4759230482012997,2.63682386273163,25.355310095415142,0.0,0.2,3.69
2010-05-01,2.003548929218568,7.942609605426321,0.674514571618956,-8.197584207319053,-8.294764207719163,45.44218051909294,-0.3000000000000007,0.2,3.26
2010-06-01,1.1215605940686268,8.551328146848402,0.22062238736646478,-5.388244223983851,-6.548401723946206,7.701905968841527,-0.1999999999999993,0.18,3.08
2010-07-01,1.3407784804821077,7.747013804699288,0.13092341559493015,6.8777849574635175,6.896321026102714,-31.962943320491778,0.0,0.18,2.8499999999999996
2010-08-01,1.1501775395112546,6.968742858593813,0.5577219027342428,-4.744918363260475,-6.238964160259419,10.851060583236372,0.09999999999999964,0.19,2.54
2010-09-01,1.1183122472331775,6.346682104150392,0.33484839767563557,8.755110305113556,12.042879446480793,-9.021107650467108,0.0,0.19,2.5
2010-10-01,1.1666951489314625,5.760258506490601,0.5757144823156812,3.685599403554063,5.859521073673646,-10.548522867177878,-0.09999999999999964,0.19,2.41
2010-11-01,1.084544776600338,5.39500875348351,0.23375675614039082,-0.22902497465766558,-0.36611212216602906,11.037736171587964,0.40000000000000036,0.19,2.6199999999999997
2010-12-01,1.437793022217937,5.996200467756596,0.36062477958660466,6.530004034715509,6.189988028633553,-24.596434538403823,-0.5,0.18,3.15
2011-01-01,1.7007834915029774,4.632504538708293,0.2550442076626691,2.2645574359139164,1.7795805618840754,10.0281728825099,-0.20000000000000107,0.17,3.24
2011-02-01,2.124898173333145,3.827364378514675,0.7394425914410085,3.1956563728093412,3.0439816238089,-6.041988037320745,-0.09999999999999964,0.16,3.45
2011-03-01,2.619241510354109,4.193025357503588,0.6487165961458707,-0.10473129391664893,-0.04312849448298017,-3.3242539382590697,0.0,0.14,3.31
2011-04-01,3.0772344447868694,3.505332834432129,0.7348595515014988,2.8495380666536008,3.3249780994434097,-16.85456487990531,0.09999999999999964,0.1,3.4
2011-05-01,3.4589718808964998,2.248891889831528,0.83908962097059,-1.350095289522324,-1.3307623946263503,4.745761418746697,-0.09999999999999964,0.09,3.13
2011-06-01,3.5023181506360412,2.3688810428642126,0.8211298219421792,-1.8257461652479323,-2.1789591307068035,6.925570625941835,0.09999999999999964,0.09,2.96
2011-07-01,3.5798809769996165,2.484132372991299,1.7715206550379836,-2.147442530666621,-0.617992175937021,52.84503208432789,-0.09999999999999964,0.07,2.96
2011-08-01,3.75499603070808,2.7992943499441703,1.9856850934534487,-5.679110795232889,-6.4185609167368485,25.227726095973857,0.0,0.1,2.28
2011-09-01,3.812621692818685,2.4123837996766095,0.2182008916863376,-7.1761988080896515,-6.360248310817851,35.86337110772255,0.0,0.08,1.97
2011-10-01,3.5222681306640524,3.4162150732061747,0.34438361613267077,10.772303843744147,11.137286604367036,-30.26070827990004,-0.1999999999999993,0.07,2.13
2011-11-01,3.451432214581729,3.3174195787687877,0.556007594250052,-0.5058715107011391,-2.38673773069199,-7.2096125280977414,-0.20000000000000107,0.08,1.9999999999999998
2011-12-01,3.062066838419386,2.859134467066693,0.4564552103324848,0.8532763666636134,-0.5797028262504278,-15.827337191666423,-0.09999999999999964,0.07,1.97
2012-01-01,3.0087663379855023,3.6910016324102957,0.7208137553570415,4.358306270498535,8.010678593163668,-16.923073286448986,-0.1999999999999993,0.08,1.94
2012-02-01,2.8981784423473878,4.439148449901298,0.5434058216193582,4.058946376811723,5.439179196648403,-5.195474285673917,0.0,0.1,1.88
2012-03-01,2.5828752813320977,2.8286925428470555,0.4384936214474333,3.133231453144192,4.20238634716934,-15.897993796304688,-0.10000000000000142,0.13,2.09
2012-04-01,2.2731633741348567,3.9040297563633697,0.5655224229133005,-0.7497452372495994,-1.4623624869512297,10.645158829227563,0.0,0.14,1.9699999999999998
2012-05-01,1.7379429374660749,4.0185114178595605,0.4734982332155413,-6.2650725714543665,-7.189564326215059,40.29154519598925,0.0,0.16,1.71
2012-06-01,1.653870448297634,3.7105509068513065,0.7214702720083732,3.955498222833631,3.8095863104271377,-29.010805058897514,0.0,0.16,1.53
2012-07-01,1.4175114798464783,3.418677881567289,0.5217634206929445,1.259757420478791,0.1522962344342238,10.831384014832658,0.0,0.16,1.43
2012-08-01,1.6859349154821235,2.285596731143258,0.7125843588725589,1.9763369506085704,4.335399676120333,-7.712630577306967,-0.09999999999999964,0.13,1.5799999999999998
2012-09-01,1.9497168982819613,2.2951570495009843,0.7942608250063987,2.4236153617775313,1.6064774290757144,-9.959930392144123,-0.2999999999999998,0.14,1.6099999999999999
2012-10-01,2.1556780595369363,1.9430024786973865,0.6452622110985073,-1.9789409716293949,-4.460518025665461,18.245396838869652,0.0,0.16,1.65
2012-11-01,1.7960197033926262,2.3257536633332743,0.6916381722101406,0.28467166850427716,1.1087490715254722,-14.677421720003892,-0.09999999999999964,0.16,1.5599999999999998
2012-12-01,1.7595049796895523,2.0268355938483085,1.1557459288415561,0.7068230956284616,0.3079495176903979,13.547577742334994,0.20000000000000018,0.16,1.65
2013-01-01,1.684061762098299,1.4467904237824847,0.1611764930284032,5.0428096466868855,4.060919574709176,-20.75472047605389,0.09999999999999964,0.14,1.8399999999999999
2013-02-01,2.0181404902574807,1.5945538776370727,0.19709968292660474,1.1060648765041536,0.5747712305763875,8.613449011982045,-0.2999999999999998,0.15,1.88
2013-03-01,1.5187472411246183,2.534732272069462,0.5293167347714567,3.5987723982872977,3.3963173136751124,-18.11734608735902,-0.20000000000000018,0.14,1.8699999999999999
2013-04-01,1.138808047576867,1.7145631127746475,0.28547931220281875,1.8085767779890016,1.8751230035321864,6.456698116643378,0.09999999999999964,0.15,1.7
2013-05-01,1.3903888279197085,1.5594777439077445,0.3544194025770775,2.0762811683057825,3.818801172653008,20.562120452447918,-0.09999999999999964,0.11,1.89
2013-06-01,1.7157935271568725,1.7645800035426706,0.5551120086413341,-1.4999301595580827,-1.5237640288265797,3.43559140799079,0.0,0.09,2.25
2013-07-01,1.885471805415806,1.2364196654177428,0.349349872963689,4.946207991308538,6.556089537574383,-20.225389547096352,-0.20000000000000018,0.09,2.54
2013-08-01,1.538809488600279,2.2593571227008002,0.5640882435073991,-3.1298019479343964,-1.0065161255053634,26.468404982164873,-0.09999999999999964,0.08,2.7
2013-09-01,1.0947341081747997,2.854766330187619,0.5757340145877254,2.974952325919533,5.058953593104731,-2.4103459253101978,0.0,0.08,2.79
2013-10-01,0.8767991434911471,2.4178437626957816,1.1356733972648358,4.459575276194472,3.930286816750561,-17.168676602267606,0.0,0.09,2.5700000000000003
2013-11-01,1.2328701961954458,2.281966236973343,0.0964583409165165,2.8049471367328715,3.576283271915792,-0.3636377507990063,-0.2999999999999998,0.08,2.6500000000000004
2013-12-01,1.5128383667573297,2.245344069429267,0.5691012563864728,2.3562791975445974,2.8744609893291306,0.14598874483302549,-0.20000000000000018,0.09,2.83
2014-01-01,1.557758795574915,1.8566277042981971,0.5884798958634585,-3.5582905955811595,-1.7408930169742654,34.183669745649084,-0.10000000000000053,0.07,2.82
2014-02-01,1.1204746347724948,2.148610089064018,0.5787463491350175,4.31170301781616,4.976759559420363,-23.954371993283974,0.10000000000000053,0.07,2.66
2014-03-01,1.6126949139408042,2.724108069090181,0.3297027314397072,0.6932165418227054,-2.5331207079654083,-0.8571420397077256,0.0,0.08,2.6700000000000004
2014-04-01,2.015125303606169,2.9123215934373725,0.42034767740097845,0.6200789153414155,-2.0107256999566947,-3.3861690428937052,-0.5,0.09,2.68
2014-05-01,2.166947687079812,3.226027611336124,0.5950691734657676,2.103028007328045,3.1123633333843603,-14.988816195025779,0.09999999999999964,0.09,2.5300000000000002
2014-06-01,2.0589816945944195,3.365841732090935,0.4875210480379977,1.9058331749470137,3.902306924040655,1.4912287893204867,-0.20000000000000018,0.1,2.56
2014-07-01,1.9742378703305974,3.9177888079901857,0.4746280179674267,-1.5079830845342368,-0.8713381649195551,46.49957830614247,0.10000000000000053,0.09,2.5100000000000002
2014-08-01,1.7150983482969062,3.1253041765382905,0.22091246452737856,3.7655295579825276,4.8171871530799715,-28.672568681989517,-0.10000000000000053,0.09,2.39
2014-09-01,1.6840509711232077,2.89843352202952,0.37376500723136363,-1.5513837249453988,-1.8968288428853675,34.90487394618596,-0.1999999999999993,0.09,2.51
2014-10-01,1.6095417021513292,2.9919466037849007,0.6579461317454571,2.3201460667203078,3.0567142731244834,-13.97915271384379,-0.20000000000000018,0.09,2.28
2014-11-01,1.231524989320798,3.3861066751199598,0.3656275600396608,2.453358864631494,3.4743829343563792,-4.989307359857609,0.09999999999999964,0.09,2.31
2014-12-01,0.6531213919623191,3.170492700276073,0.7071114967909464,-0.4188587515997044,-1.1599409696555374,44.036015550114094,-0.20000000000000018,0.12,2.18
2015-01-01,-0.22993097820542818,2.7262407410550527,0.7251817220079948,-3.1040805838410623,-2.128558069907205,9.218742083758414,0.10000000000000053,0.11,1.8499999999999999
2015-02-01,-0.08703146293520536,1.30473816054415,0.9698294116650574,5.48925108906233,7.082471116527045,-36.38530954031803,-0.20000000000000018,0.11,1.96
2015-03-01,-0.022031284423873476,-0.0027479483621140055,-0.01342203058545266,-1.7396107114219572,-1.2622046216204552,14.617689557423642,-0.09999999999999964,0.11,2.0100000000000002
2015-04-01,-0.10403098939391064,-0.6444572558062966,0.28777340571015664,0.8520819822535275,0.8271991975292936,-4.839763067131376,0.0,0.12,1.92
2015-05-01,0.03503321824429584,-1.460487812501221,0.23842588719527047,1.0491382304589791,2.6026904273387386,-4.879725284121205,0.1999999999999993,0.12,2.18
2015-06-01,0.1795718097550525,-2.106390227283794,0.3254909488478397,-2.1011671979729973,-1.6402205015090932,31.719648419422654,-0.2999999999999998,0.13,2.34
2015-07-01,0.22568611104094582,-1.6903126553953207,0.3543827833190516,1.9742029435184882,2.8356396827215136,-33.516181075711174,-0.09999999999999964,0.13,2.29
2015-08-01,0.2413037985344868,-1.6854337113987983,0.38628921954657613,-6.2580818255865704,-6.859415520764767,134.57096182855562,-0.10000000000000053,0.14,2.1
2015-09-01,0.008842961634170088,-2.2407414414912674,0.5169238899761286,-2.6442831280001355,-3.273302412154533,-13.823426883538625,-0.09999999999999964,0.14,2.15
2015-10-01,0.12761656067050708,-2.72506606749946,0.4575813089947145,8.298311781266655,9.38473622312539,-38.48979716398277,0.0,0.12,2.05
2015-11-01,0.4363182169185187,-4.033068306068888,0.771155670406598,0.050486911033487125,1.0867162379421202,7.033838668931347,0.09999999999999964,0.12,2.1399999999999997
2015-12-01,0.6387247515364791,-4.496144811599123,0.5753609192790554,-1.7530185032692547,-1.9821160335963817,12.895226484358968,-0.09999999999999964,0.24,2.0100000000000002
2016-01-01,1.2375025026943876,-3.236256019749162,1.0376323263620035,-5.07353220469523,-7.857554078057749,10.9280712713689,-0.20000000000000018,0.34,1.8299999999999998
2016-02-01,0.8472775790126619,-3.1193297695960798,0.656434172908904,-0.41283603090035426,-1.213710543665869,1.7326656480292302,0.10000000000000053,0.38,1.47
2016-03-01,0.8916160965521946,-3.515311400177057,0.45857002316651574,6.599111444005845,6.84298618849577,-32.11678672908539,0.09999999999999964,0.36,1.5999999999999999
2016-04-01,1.1726257503534843,-2.6579036961380753,0.6294324840864896,0.26993982833325436,-1.9403109434616095,12.54480303890546,0.09999999999999964,0.37,1.58
2016-05-01,1.0784764621246223,-2.448153056399993,0.4614696395357054,1.5324602525288444,3.6162707387583426,-9.617835969594923,-0.2999999999999998,0.37,1.54
2016-06-01,1.0792865347959424,-1.678117946525337,0.37966673697531483,0.09109212401243738,-2.129725588304898,10.147995607049332,0.10000000000000053,0.38,1.3699999999999999
2016-07-01,0.8683633430518256,-2.196738284260069,0.4513864568497894,3.5609800753315435,6.596773393421995,-24.05630327160321,-0.10000000000000053,0.39,1.2
2016-08-01,1.0553158595656864,-2.164263084601936,0.6151557645673433,-0.12192428990193127,0.9897141914494867,13.0581314715982,0.10000000000000053,0.4,1.26
2016-09-01,1.5486446201652182,-1.9939516469206886,0.508212247915174,-0.12344511393173052,1.8947940252934448,-0.9687042749765506,0.09999999999999964,0.4,1.3399999999999999
2016-10-01,1.685924966243646,-1.5023811304759715,0.5500777616891384,-1.942567890903446,-2.312873932252446,28.367189728446807,-0.09999999999999964,0.4,1.43
2016-11-01,1.6843334719788938,-1.1862778785850958,0.683454607794598,3.4174521829295035,2.592723177978651,-21.864007379851834,-0.20000000000000018,0.41,1.6900000000000002
2016-12-01,2.0507989115119862,-0.02049641716570516,0.19978507968700931,1.8200762441865859,1.1165197653431047,5.326331899554693,0.0,0.54,1.9800000000000002
2017-01-01,2.5103933482571117,-0.8031281419274894,0.5913629291723899,1.7884358198382522,4.3036364939231575,-14.601140999321627,0.0,0.65,1.9200000000000002
2017-02-01,2.8103616813294208,-0.6864591168616152,0.572870131917802,3.719816006681631,3.751696873404775,7.75646641308525,-0.10000000000000053,0.66,1.9
2017-03-01,2.44119623655914,0.7162067590550603,0.5180960344003838,-0.03891971352694146,1.4814382061574705,-4.256967395410626,-0.1999999999999993,0.79,1.74
2017-04-01,2.176223471915395,1.3993011097695573,0.41367734652346666,0.9091208748854607,2.298301743980713,-12.53031693673946,0.0,0.9,1.4999999999999998
2017-05-01,1.8563431667619756,1.7500792534729248,0.3483650510713643,1.1576251246328662,2.4953685780273016,-3.7892778093906565,0.0,0.91,1.4099999999999997
2017-06-01,1.640565809959127,1.4803308546539107,0.07075784601324742,0.4813775207812565,-0.9373220941963467,7.396738415467796,-0.10000000000000053,1.04,1.21
2017-07-01,1.7251073506566073,1.1187969195710634,0.45297193783604417,1.9348826001101882,3.3825080036069988,-8.228980779795059,0.0,1.15,1.2499999999999998
2017-08-01,1.92812155729698,0.8523014668689877,0.41426843127909674,0.0546433019853243,1.268722670266409,3.2163734536487354,0.10000000000000053,1.16,1.2
2017-09-01,2.1805652303711787,1.0630336308315114,0.35049288061337336,1.9302978562167672,1.0468714016881098,-10.198299415908263,-0.10000000000000053,1.15,1.1700000000000002
2017-10-01,2.020757753132485,2.2919955326540453,0.42567125081860446,2.218813506615125,3.5669856700295766,7.045216195254711,-0.09999999999999964,1.15,1.2899999999999998
2017-11-01,2.172493864295566,2.9662701539719283,0.34489004818316626,2.8082627806563343,2.1746056906426947,10.805495037521196,0.0,1.16,1.12
2017-12-01,2.129930719552253,2.467143465957866,0.27583019835222267,0.9831630594270502,0.42799024370909766,-2.127657595741339,-0.10000000000000053,1.3,1.0799999999999998
2018-01-01,2.151318868063945,2.7352874765469437,0.10873243899103269,5.617870412552817,7.3600047757332865,22.64492761447785,-0.09999999999999964,1.41,1.1700000000000002
2018-02-01,2.263468931091861,3.3994953469032696,0.3409483254689816,-3.89473718793677,-1.8683207025945725,46.602662019159546,0.09999999999999964,1.42,1.2899999999999998
2018-03-01,2.3309497646499366,3.224806264183644,0.46380593270154424,-2.688449860055664,-2.8813321728640817,0.6045286124869875,-0.09999999999999964,1.51,1.14
2018-04-01,2.4709963021052994,3.309758614070435,0.14484997680972445,0.27187749953683227,0.0399213435471113,-20.230341247318172,0.0,1.69,1.11
2018-05-01,2.781921607842497,2.2584201444366236,0.4004332088807905,2.16083418545836,5.318932005391752,-3.1387318921616503,-0.20000000000000018,1.7,1.1199999999999999
2018-06-01,2.8075506935940187,2.8410387544831828,0.2994819388262071,0.48424362676078303,0.9161325862309111,4.277380650412055,0.20000000000000018,1.82,1.0100000000000002
2018-07-01,2.854124785561929,3.2543243815604805,0.2603798149038994,3.602155617289915,2.1502501707615806,-20.26103292707241,-0.20000000000000018,1.91,0.9300000000000002
2018-08-01,2.6429238568742575,4.353587280888749,0.36203246294987945,3.0263211276748248,5.705969503481012,0.2338248881495142,0.0,1.91,0.8600000000000003
2018-09-01,2.332055105808828,4.313826088176409,0.1589165547453586,0.42942874264617625,-0.7792049993202155,-5.754275201196735,-0.09999999999999964,1.95,0.8700000000000001
2018-10-01,2.492032470218053,2.930867401734427,0.09618152331876129,-6.94033560936963,-9.202311437184163,75.1650143786863,0.09999999999999964,2.19,0.8999999999999999
2018-11-01,2.147328577667773,2.7666629800210174,0.21602513747054353,1.7859356654779779,0.33726354108472023,-14.88459687022321,0.0,2.2,0.79
2018-12-01,2.0023809043401064,2.5912536810940523,0.7250636880266503,-9.177689467997252,-9.4844343009027,40.675154983953774,0.10000000000000009,2.27,0.45999999999999996
2019-01-01,1.4875893578291333,1.9116422323518512,0.4738743746525831,7.868440166582613,9.742776041862511,-34.81510761175416,0.10000000000000009,2.4,0.33999999999999986
2019-02-01,1.5188615351321877,1.1096417703535089,0.3208807623684251,2.9728889343927145,3.4440881260408673,-10.802655370067082,-0.20000000000000018,2.4,0.29000000000000004
2019-03-01,1.8831863513063984,0.6545559146318158,0.36466160230514966,1.7924256249588488,2.6125358236259277,-7.239510921216496,0.0,2.41,0.16999999999999993
2019-04-01,2.000583470209061,-1.0247462328067725,0.23695868676809617,3.9313498313737982,4.736125827695337,-4.303429255625546,-0.09999999999999964,2.42,0.1499999999999999
2019-05-01,1.7959105553606136,-0.010156011968476264,0.7482527065917566,-6.57777313668354,-7.933406834365552,42.60670158287405,-0.10000000000000009,2.39,0.04999999999999982
2019-06-01,1.671194894390049,-0.7369328862962377,0.6501985962239498,6.89301639982407,7.420893706395515,-19.401386095091368,0.0,2.38,-0.10000000000000009
2019-07-01,1.826331335037068,-1.3774541767684445,0.5669378598264885,1.3128152166957952,2.113097815546716,6.8965578301657615,0.10000000000000009,2.4,-0.040000000000000036
2019-08-01,1.7376412106666406,-1.3396749291328724,0.6161516391514965,-1.8091627240523933,-2.5997446136534985,17.741926514309903,-0.10000000000000009,2.13,-0.32000000000000006
2019-09-01,1.6844977040391562,-1.7374573008364869,0.4861630516080906,1.7181177931020697,0.4578740540366111,-14.436247825089898,-0.10000000000000009,2.04,-0.18999999999999995
2019-10-01,1.7339736996186295,-2.4594751580988228,0.9197724493593462,2.0431770513684056,3.663058621536641,-18.596056321750932,0.10000000000000009,1.83,0.06000000000000005
2019-11-01,2.092290394862917,-2.047601522464615,0.7619060162258995,3.4047037714499906,4.499435132841234,-4.538580706130169,0.0,1.55,0.27
2019-12-01,2.3195274699624457,-2.2991807373363926,0.3280766993654094,2.858981890573009,3.5442958374321654,9.19175798677687,0.0,1.55,0.32000000000000006
2020-01-01,2.599767976845202,-2.290379015513233,0.4787805751880869,-0.16280928190489652,1.9876159427214546,36.71988764636704,0.0,1.55,0.24
2020-02-01,2.3413166797595197,-1.4232217750208775,0.4395461912479748,-8.411048363840312,-6.377162183318119,112.89809068734003,-0.10000000000000009,1.58,-0.020000000000000018
2020-03-01,1.4940399642909163,-5.315054964389065,3.4958174119591012,-12.511928240892821,-10.122943303118992,33.48292221593678,0.9000000000000004,0.65,0.5800000000000001
2020-04-01,0.3130472940411133,-17.318282261376304,6.421194431971267,12.68440381652789,15.447197983741724,-36.21591157654439,10.4,0.05,0.52
2020-05-01,0.1982013035848551,-16.047738104539413,5.086146272855152,4.528181966555822,6.753101402091799,-19.443633968699146,-1.6000000000000014,0.05,0.54
2020-06-01,0.7166562831830481,-10.586064673581452,1.3835678316296507,1.838839651392421,5.994807168457905,10.614322253724783,-2.1999999999999993,0.08,0.57
2020-07-01,0.9968647625897997,-6.783544959427434,0.8327832783278311,5.510132148044367,6.8248904388078735,-19.61880105432565,-0.8000000000000007,0.09,0.49
2020-08-01,1.2810698495523853,-6.512241935326724,0.446774387117177,7.006466690171775,9.587385655533742,7.972202926930305,-1.799999999999999,0.1,0.55
2020-09-01,1.3910228912373812,-6.183101854793705,1.0410952952485397,-3.9227970178423055,-5.162857309432001,-0.1514540265422637,-0.6000000000000005,0.09,0.5700000000000001
2020-10-01,1.2303863428671624,-4.622683457542831,0.8325718892770784,-2.766578622137972,-2.291647173327338,44.178988425352486,-0.8999999999999995,0.09,0.6900000000000001
2020-11-01,1.1757452138405844,-4.763324870606622,1.2926508137036885,10.75456354438591,11.796176442264827,-45.89689782440855,-0.20000000000000018,0.09,0.78
2020-12-01,1.3204191315779434,-3.28150457766595,0.6157116995747947,3.712145909357001,5.6525512127837185,10.597959832368442,0.0,0.09,0.8400000000000001
2021-01-01,1.3738437137002402,-2.1295843569181794,1.3384311223155532,-1.1136660755445171,1.415318043835101,45.450550121265444,-0.2999999999999998,0.09,1.0
2021-02-01,1.6698167791706853,-5.680577271180343,1.3733980893199105,2.6091451377448394,0.9307785257554269,-15.533391858405443,-0.20000000000000018,0.08,1.22
2021-03-01,2.6678187820641908,1.0038210492383515,1.1867789465109357,4.2438632533165155,0.413273673203407,-30.590343152140875,-0.10000000000000053,0.07,1.58
2021-04-01,4.133077115360573,16.55213518144698,1.50745930715237,5.242532134755851,5.403612808007785,-4.072159916045248,0.0,0.07,1.6199999999999999
2021-05-01,4.918257089467626,15.673379835366053,1.4032844092177754,0.548648867060697,-1.532223455047299,-9.940893717331134,-0.2999999999999998,0.06,1.6
2021-06-01,5.295632620349999,8.958396565691418,0.07283499208101674,2.2214009565834747,5.492939338902492,-5.548927759399113,0.10000000000000053,0.08,1.48
2021-07-01,5.245169381309234,5.4998863464161385,0.7668973871757245,2.274805482838871,1.1633347461578625,15.22425684792983,-0.5,0.1,1.27
2021-08-01,5.152015301793966,4.261168528131454,1.0378542932071744,2.8990416255438634,3.9976375097638517,-9.649124182932722,-0.3000000000000007,0.09,1.23
2021-09-01,5.351215590949132,3.0124970172007215,0.6779189375911487,-4.75691688019011,-5.312585317477336,40.412621555864156,-0.39999999999999947,0.08,1.33
2021-10-01,6.235042390298062,3.5628709708763973,0.852057470990486,6.914383640060651,7.265832106934167,-29.732062844583893,-0.20000000000000018,0.08,1.53
2021-11-01,6.901970403700863,3.897545981936834,0.8354084665434858,-0.8333706184746159,0.25357977274731436,67.22017313235555,-0.40000000000000036,0.08,1.51
2021-12-01,7.174340285065539,2.2463731281071153,0.7586656107515966,4.361291346206486,0.6904455804449761,-36.66789637688647,-0.19999999999999973,0.08,1.41
2022-01-01,7.558805726967832,1.3181341030033655,0.6715654357734246,-5.258516502739385,-8.981096597230199,44.19280437746495,0.10000000000000009,0.08,1.61
2022-02-01,7.937278766517819,5.429593086433182,0.361722965481559,-3.1360491945908286,-3.4303624483314143,21.425693560897052,-0.10000000000000009,0.08,1.5999999999999999
2022-03-01,8.572204966013853,3.0544104015221674,0.2876909692653973,3.5773288371546252,3.4114281258570633,-31.80762943258498,-0.19999999999999973,0.2,1.69
2022-04-01,8.231750770777225,2.923435475508507,-0.08996107806419351,-8.795671180434306,-13.26168062051618,62.45137350906052,0.0,0.33,1.99
2022-05-01,8.538171195642065,1.9110298059100916,-0.23061798268985134,0.005317770464463578,-2.0531609128287776,-21.58682833063601,-0.10000000000000009,0.77,1.92
2022-06-01,8.979361103105798,1.2217594016755706,-0.32554541519703717,-8.391999993382681,-8.712982899269706,9.621987396059883,0.0,1.21,1.6500000000000001
2022-07-01,8.462576727730099,0.968659945597028,0.011549104482444505,9.111639173021002,12.349100317618289,-25.705327050177296,-0.10000000000000009,1.68,0.6699999999999999
2022-08-01,8.222579178218826,1.0521402147261716,-0.03371949078949665,-4.244012827299837,-4.63646668952804,21.28458008329206,0.10000000000000009,2.33,0.27
2022-09-01,8.192106896425821,2.462018715752601,-0.4648390390862289,-9.339567201327437,-10.498976469754972,22.226516480354274,-0.10000000000000009,2.56,0.3900000000000001
2022-10-01,7.758813957693,1.0648183730078253,-0.3583813418874482,7.98634138370089,3.9007667528361267,-18.153072505123813,0.10000000000000009,3.08,0.2599999999999998
2022-11-01,7.122856456533988,0.08902953837490735,-0.2548441350906705,5.375289335249311,4.366973442449451,-20.479132182875837,0.0,3.78,-0.26000000000000023
2022-12-01,6.404600402357152,-0.8016099812473643,-0.5432193335637714,-5.897147407473047,-8.73316647410185,5.296405037068652,-0.10000000000000009,4.1,-0.6299999999999999
2023-01-01,6.327178517960097,0.3188082918103907,-0.0897004193846751,6.17528578346791,10.682381143076158,-10.475313566089683,0.0,4.33,-1.0100000000000002
2023-02-01,5.957820738137087,-0.1634816837026265,-0.15887938328476015,-2.611249393181858,-1.1136364191968728,6.701036958616502,0.10000000000000009,4.57,-0.9000000000000004
2023-03-01,4.917719362889961,-0.36512224493961964,-1.4025291663920414,3.505161257710898,6.6899518885555675,-9.661835392686214,-0.10000000000000009,4.65,-1.0300000000000002
2023-04-01,4.950079879124369,-0.1843454258675048,-0.8786045467785275,1.4642341662481018,0.038209427293267595,-15.614978132809798,-0.10000000000000009,4.83,-1.46
2023-05-01,4.131851231385042,-0.39957171123073953,0.3434770670045273,0.2482347368192972,5.79646930220068,13.688218235981697,0.20000000000000018,5.06,-1.5699999999999998
2023-06-01,3.070617072997095,-0.8893464531073647,-0.14738641164495636,6.472746490423464,6.591501854521198,-24.247493043334135,0.0,5.08,-1.4100000000000001
2023-07-01,3.287749268428297,-0.31247838929887584,-0.032213242046452706,3.113893235501086,4.047743332839904,0.29433378516490194,-0.10000000000000009,5.12,-1.35
2023-08-01,3.722504803505289,-0.25421306219911566,-0.04905685786016356,-1.7716390070854016,-2.168195881860735,-0.4402085041300019,0.20000000000000018,5.33,-1.13
2023-09-01,3.687206638119256,-0.2672476942852109,-0.13665672216341962,-4.871936746562488,-5.811550932801845,29.108333469204382,0.0,5.33,-0.9400000000000004
2023-10-01,3.2512659098611785,-0.7742988102069082,-0.07757690232055303,-2.197968873798295,-2.784410010679206,3.5388065963778415,0.19999999999999973,5.33,-0.54
2023-11-01,3.1333462745911866,-0.09043615385835313,0.05883062085594304,8.917926878197013,10.69919686435905,-28.776182408987736,-0.19999999999999973,5.33,-0.7699999999999996
2023-12-01,3.3159099427102934,0.8386591076755323,0.14554427292925443,4.422923115636013,5.518893268227432,-3.637772943137818,0.09999999999999964,5.33,-1.2200000000000006
2024-01-01,3.0883429864855705,-1.2762549126908995,0.2675662539280754,1.5895707598991615,1.0169648980439483,15.261049006527983,-0.09999999999999964,5.33,-1.1600000000000001
2024-02-01,3.157074141648697,-0.3543266402759926,0.41371697343477454,5.172064062372317,6.119160898679055,-6.620214199897867,0.19999999999999973,5.33,-1.0300000000000002
2024-03-01,3.4868349120836584,-0.557312624665296,0.21126390302892428,3.1018779915342964,1.786859743638325,-2.9104432891857934,0.0,5.33,-1.0300000000000002
2024-04-01,3.3607951262196734,-0.9971062585799939,-0.049604357552035516,-4.161507173789869,-4.405759714657864,20.292077964669918,0.0,5.33,-0.7000000000000002
2024-05-01,3.244278584003113,-0.06499644303002983,0.3159075183126081,4.80211901511991,6.879624349054803,-17.444086957062233,0.0,5.33,-0.7699999999999996
2024-06-01,2.9702579486470926,0.7734749239909133,0.2330924711131832,3.466980128308328,5.9610332468520655,-3.7151740950169487,0.19999999999999973,5.33,-0.9300000000000006
2024-07-01,2.9414757935583014,-0.9226344732312097,0.13336054331369862,1.1321316887868749,-0.7511544933297865,31.511263361694407,0.10000000000000053,5.33,-0.9500000000000002
2024-08-01,2.607144490692037,-0.4050008280501727,0.4412573226913574,2.2834706936630367,0.648992280787275,-8.312961855826828,0.0,5.33,-1.1799999999999997
2024-09-01,2.4264830315416708,-1.2004422838397089,0.3944903477271833,2.0196884090601275,2.6846618834620584,11.533330281575527,-0.10000000000000053,5.13,-0.9999999999999996
2024-10-01,2.578844053871343,-0.9947356843759692,0.28765481422292627,-0.9896743303151712,-0.5168984162214452,38.43395386199917,0.0,4.83,-0.41000000000000014
2024-11-01,2.719472461284833,-1.5579409481489392,0.5535063997712752,5.7301295482098835,6.206190647809318,-41.666665294078406,0.10000000000000053,4.64,-0.05999999999999961
2024-12-01,2.870690967509981,-0.2741466217243804,0.15287954210712051,-2.499013704848363,0.48193527792455004,28.42339072932578,-0.10000000000000053,4.48,0.1200000000000001
2025-01-01,2.9909783078999608,0.849002693950851,0.24013849848285584,2.70163042404441,1.6397589430455106,-5.302593983090231,-0.09999999999999964,4.33,0.41999999999999993
2025-02-01,2.8015834477613355,0.8119858403550007,0.3157034615955956,-1.4242092699825126,-3.974844289359336,19.476559927894566,0.20000000000000018,4.33,0.23000000000000043
2025-03-01,2.381981462805549,0.5802453773984029,0.35589988522344296,-5.754469768137538,-8.21333525116098,13.49975363817293,0.0,4.33,0.08000000000000007
2025-04-01,2.32538823025783,0.8823523543694645,0.4002933024658706,-0.7624943346289825,0.8500394479722617,10.861759433178463,0.0,4.33,0.07000000000000028
2025-05-01,2.3772651073680873,0.10162299356553106,0.2999416652504028,6.152382614078289,9.557475679331917,-24.817817322956735,0.09999999999999964,4.33,0.16999999999999993
2025-06-01,2.680453865910226,0.5793208714095943,0.48772222273105736,4.960683946771582,6.570974581683475,-9.908455481023681,-0.20000000000000018,4.33,0.14999999999999947
2025-07-01,2.742618052167134,1.9187662602012212,0.3773464523509018,2.16665625306407,3.6952808538864845,-0.059774232847942255,0.20000000000000018,4.33,0.13999999999999968
2025-08-01,2.9385917430316155,1.1886779865559305,0.3041928673582994,1.9066444295036122,1.5770025485695616,-8.133969572540567,0.0,4.33,0.13999999999999968
2025-09-01,3.0225715847133294,1.8631698334008018,0.3784089623175113,3.5323687218701494,5.613740689554225,5.989590172733639,0.10000000000000053,4.22,0.20000000000000018
2025-10-01,2.8587179332828505,1.7593332629600056,0.3323397711951115,2.26868719049238,4.699694231776186,7.125305887509326,0.04999999999999982,4.09,0.23999999999999977
2025-11-01,2.6964439164939513,1.7543117556713783,0.13483267265324006,0.129961816667179,-1.514318549655147,-6.250000683539481,0.04999999999999982,3.88,0.31000000000000005
2025-12-01,2.653304114557753,1.1629935222018384,0.33887198269284546,-0.05241344225139777,-0.5294053873229787,-8.562694431440388,-0.09999999999999964,3.72,0.5499999999999998
