WindowID,File,StartDate,EndDate,DominantRegime,AverageConfidence,AverageEntropy,Regime_0,Regime_1,Regime_2,Regime_3,Regime_4,Regime_5
0,window_0000.csv,1996-01-01,2005-12-01,0,0.9967255386797587,0.010884610291597104,0.4583333333333333,0.36666666666666664,0.0,0.175,0.0,0.0
1,window_0001.csv,1996-02-01,2006-01-01,0,0.9967105663844392,0.010994221246543001,0.4583333333333333,0.36666666666666664,0.0,0.175,0.0,0.0
2,window_0002.csv,1996-03-01,2006-02-01,0,0.9967097212121179,0.011002835590202096,0.4583333333333333,0.36666666666666664,0.0,0.175,0.0,0.0
3,window_0003.csv,1996-04-01,2006-03-01,0,0.9967098834824755,0.011001075762448291,0.4583333333333333,0.36666666666666664,0.0,0.175,0.0,0.0
4,window_0004.csv,1996-05-01,2006-04-01,0,0.9967081085181511,0.011017847930881139,0.4583333333333333,0.36666666666666664,0.0,0.175,0.0,0.0
5,window_0005.csv,1996-06-01,2006-05-01,0,0.9967036370016459,0.011055985321499867,0.4583333333333333,0.36666666666666664,0.0,0.175,0.0,0.0
6,window_0006.csv,1996-07-01,2006-06-01,0,0.9966424990955999,0.01141736368070619,0.4583333333333333,0.36666666666666664,0.0,0.175,0.0,0.0
7,window_0007.csv,1996-08-01,2006-07-01,0,0.9965895470705188,0.0117379946342689,0.4583333333333333,0.36666666666666664,0.0,0.175,0.0,0.0
8,window_0008.csv,1996-09-01,2006-08-01,0,0.9965843796442895,0.011781325211858155,0.4583333333333333,0.36666666666666664,0.0,0.175,0.0,0.0
9,window_0009.csv,1996-10-01,2006-09-01,0,0.9965843812301015,0.011781299457400677,0.4583333333333333,0.36666666666666664,0.0,0.175,0.0,0.0
10,window_0010.csv,1996-11-01,2006-10-01,0,0.9965843906213924,0.011781161811402298,0.4583333333333333,0.36666666666666664,0.0,0.175,0.0,0.0
11,window_0011.csv,1996-12-01,2006-11-01,0,0.9965844374347615,0.011780553487851276,0.4583333333333333,0.36666666666666664,0.0,0.175,0.0,0.0
12,window_0012.csv,1997-01-01,2006-12-01,0,0.99658443251005,0.011780628305511246,0.4583333333333333,0.36666666666666664,0.0,0.175,0.0,0.0
13,window_0013.csv,1997-02-01,2007-01-01,0,0.9965844241535794,0.01178075109008239,0.4583333333333333,0.36666666666666664,0.0,0.175,0.0,0.0
14,window_0014.csv,1997-03-01,2007-02-01,0,0.9965844304012295,0.011780657365134634,0.4583333333333333,0.36666666666666664,0.0,0.175,0.0,0.0
15,window_0015.csv,1997-04-01,2007-03-01,0,0.9965844227849409,0.011780769746519492,0.4583333333333333,0.36666666666666664,0.0,0.175,0.0,0.0
16,window_0016.csv,1997-05-01,2007-04-01,0,0.996584328644995,0.011781932956361403,0.4583333333333333,0.36666666666666664,0.0,0.175,0.0,0.0
17,window_0017.csv,1997-06-01,2007-05-01,0,0.9965843145630731,0.011782134193615406,0.4583333333333333,0.36666666666666664,0.0,0.175,0.0,0.0
18,window_0018.csv,1997-07-01,2007-06-01,0,0.9965843002380694,0.011782335894982168,0.4583333333333333,0.36666666666666664,0.0,0.175,0.0,0.0
19,window_0019.csv,1997-08-01,2007-07-01,0,0.9965842996096067,0.01178234671951974,0.4583333333333333,0.36666666666666664,0.0,0.175,0.0,0.0
20,window_0020.csv,1997-09-01,2007-08-01,0,0.9965840113453849,0.011785595984842665,0.4583333333333333,0.36666666666666664,0.0,0.175,0.0,0.0
21,window_0021.csv,1997-10-01,2007-09-01,0,0.9965835196186795,0.011790875008907764,0.4583333333333333,0.36666666666666664,0.0,0.175,0.0,0.0
22,window_0022.csv,1997-11-01,2007-10-01,0,0.9965682728535997,0.011902218106611103,0.4583333333333333,0.36666666666666664,0.0,0.175,0.0,0.0
23,window_0023.csv,1997-12-01,2007-11-01,0,0.9925673283803486,0.017671836229489646,0.45,0.36666666666666664,0.0,0.18333333333333332,0.0,0.0
24,window_0024.csv,1998-01-01,2007-12-01,0,0.991743705775255,0.02035945359507749,0.44166666666666665,0.36666666666666664,0.0,0.19166666666666668,0.0,0.0
25,window_0025.csv,1998-02-01,2008-01-01,0,0.991726713618855,0.020481699415558184,0.43333333333333335,0.36666666666666664,0.0,0.2,0.0,0.0
26,window_0026.csv,1998-03-01,2008-02-01,0,0.9917267136158537,0.020481699478330194,0.425,0.36666666666666664,0.0,0.20833333333333334,0.0,0.0
27,window_0027.csv,1998-04-01,2008-03-01,0,0.9917267135544344,0.02048170068429112,0.4166666666666667,0.36666666666666664,0.0,0.21666666666666667,0.0,0.0
28,window_0028.csv,1998-05-01,2008-04-01,0,0.9917267120628271,0.02048172534077199,0.4083333333333333,0.36666666666666664,0.0,0.225,0.0,0.0
29,window_0029.csv,1998-06-01,2008-05-01,0,0.9917267124148661,0.020481719011198395,0.4,0.36666666666666664,0.0,0.23333333333333334,0.0,0.0
30,window_0030.csv,1998-07-01,2008-06-01,0,0.9917267125390234,0.020481716649480456,0.39166666666666666,0.36666666666666664,0.0,0.24166666666666667,0.0,0.0
31,window_0031.csv,1998-08-01,2008-07-01,0,0.9917267126968435,0.02048171368531611,0.38333333333333336,0.36666666666666664,0.0,0.25,0.0,0.0
32,window_0032.csv,1998-09-01,2008-08-01,0,0.9917267133319323,0.020481702641280106,0.375,0.36666666666666664,0.0,0.25833333333333336,0.0,0.0
33,window_0033.csv,1998-10-01,2008-09-01,0,0.9917267133814354,0.02048170165410722,0.36666666666666664,0.36666666666666664,0.0,0.26666666666666666,0.0,0.0
34,window_0034.csv,1998-11-01,2008-10-01,1,0.9917267197092613,0.02048160616205309,0.35833333333333334,0.36666666666666664,0.0,0.275,0.0,0.0
35,window_0035.csv,1998-12-01,2008-11-01,1,0.9917266713211083,0.020482237600396365,0.35,0.36666666666666664,0.0,0.275,0.0,0.008333333333333333
36,window_0036.csv,1999-01-01,2008-12-01,1,0.9917266713248656,0.020482237515783184,0.3416666666666667,0.36666666666666664,0.0,0.275,0.0,0.016666666666666666
37,window_0037.csv,1999-02-01,2009-01-01,1,0.9917266713253241,0.020482237504495578,0.3333333333333333,0.36666666666666664,0.0,0.275,0.0,0.025
38,window_0038.csv,1999-03-01,2009-02-01,1,0.9917266727165307,0.02048221440268527,0.325,0.36666666666666664,0.0,0.275,0.0,0.03333333333333333
39,window_0039.csv,1999-04-01,2009-03-01,1,0.991726672931679,0.02048221042842805,0.31666666666666665,0.36666666666666664,0.0,0.275,0.0,0.041666666666666664
40,window_0040.csv,1999-05-01,2009-04-01,1,0.9917266748438233,0.020482179284308354,0.30833333333333335,0.36666666666666664,0.0,0.275,0.0,0.05
41,window_0041.csv,1999-06-01,2009-05-01,1,0.9917266769044443,0.02048214587593581,0.3,0.36666666666666664,0.0,0.275,0.0,0.058333333333333334
42,window_0042.csv,1999-07-01,2009-06-01,1,0.991726680174729,0.020482094366033012,0.2916666666666667,0.36666666666666664,0.0,0.275,0.0,0.06666666666666667
43,window_0043.csv,1999-08-01,2009-07-01,1,0.9917266802334388,0.020482093206142613,0.2833333333333333,0.36666666666666664,0.0,0.275,0.0,0.075
44,window_0044.csv,1999-09-01,2009-08-01,1,0.9917265886196792,0.02048322946499962,0.275,0.36666666666666664,0.0,0.275,0.0,0.08333333333333333
45,window_0045.csv,1999-10-01,2009-09-01,1,0.9903503191804489,0.02421748607914853,0.26666666666666666,0.36666666666666664,0.0,0.275,0.0,0.09166666666666666
46,window_0046.csv,1999-11-01,2009-10-01,1,0.9884068389616147,0.02874356958680464,0.25833333333333336,0.36666666666666664,0.0,0.275,0.0,0.1
47,window_0047.csv,1999-12-01,2009-11-01,1,0.9884068373793423,0.02874359563530483,0.25,0.36666666666666664,0.0,0.275,0.008333333333333333,0.1
48,window_0048.csv,2000-01-01,2009-12-01,1,0.98840683678527,0.028743606010669713,0.24166666666666667,0.36666666666666664,0.0,0.275,0.016666666666666666,0.1
49,window_0049.csv,2000-02-01,2010-01-01,1,0.9884068242243755,0.02874377766778372,0.23333333333333334,0.36666666666666664,0.0,0.275,0.025,0.1
50,window_0050.csv,2000-03-01,2010-02-01,1,0.988406209958018,0.02875023662114577,0.225,0.36666666666666664,0.0,0.275,0.03333333333333333,0.1
51,window_0051.csv,2000-04-01,2010-03-01,1,0.9884296373798288,0.02858950187841663,0.225,0.36666666666666664,0.0,0.26666666666666666,0.041666666666666664,0.1
52,window_0052.csv,2000-05-01,2010-04-01,1,0.9884296344130613,0.028589548320684048,0.225,0.36666666666666664,0.0,0.25833333333333336,0.05,0.1
53,window_0053.csv,2000-06-01,2010-05-01,1,0.9884708088150781,0.028329831414313104,0.225,0.36666666666666664,0.0,0.25,0.058333333333333334,0.1
54,window_0054.csv,2000-07-01,2010-06-01,1,0.988471091780449,0.02832663661288702,0.21666666666666667,0.36666666666666664,0.0,0.25,0.06666666666666667,0.1
55,window_0055.csv,2000-08-01,2010-07-01,1,0.989243105272714,0.02575490883221659,0.20833333333333334,0.36666666666666664,0.0,0.25,0.075,0.1
56,window_0056.csv,2000-09-01,2010-08-01,1,0.9909190423081389,0.0215720693597835,0.2,0.36666666666666664,0.0,0.25,0.08333333333333333,0.1
57,window_0057.csv,2000-10-01,2010-09-01,1,0.9909255299190676,0.021519145148824977,0.2,0.36666666666666664,0.0,0.24166666666666667,0.09166666666666666,0.1
58,window_0058.csv,2000-11-01,2010-10-01,1,0.9909263527327948,0.02151073353606756,0.2,0.36666666666666664,0.0,0.23333333333333334,0.1,0.1
59,window_0059.csv,2000-12-01,2010-11-01,1,0.9909263535336749,0.021510719795296722,0.2,0.36666666666666664,0.0,0.225,0.10833333333333334,0.1
60,window_0060.csv,2001-01-01,2010-12-01,1,0.990926354298793,0.021510706632745916,0.2,0.36666666666666664,0.0,0.21666666666666667,0.11666666666666667,0.1
61,window_0061.csv,2001-02-01,2011-01-01,1,0.9909264395005463,0.021509644047883945,0.2,0.36666666666666664,0.0,0.20833333333333334,0.125,0.1
62,window_0062.csv,2001-03-01,2011-02-01,1,0.9909264273186582,0.021509819751017838,0.2,0.36666666666666664,0.0,0.2,0.13333333333333333,0.1
63,window_0063.csv,2001-04-01,2011-03-01,1,0.9909264094392733,0.021510070993886035,0.2,0.36666666666666664,0.0,0.19166666666666668,0.14166666666666666,0.1
64,window_0064.csv,2001-05-01,2011-04-01,1,0.9909264018436641,0.02151018423068731,0.2,0.36666666666666664,0.0,0.18333333333333332,0.15,0.1
65,window_0065.csv,2001-06-01,2011-05-01,1,0.9909264032964565,0.021510161380727255,0.2,0.36666666666666664,0.0,0.175,0.15833333333333333,0.1
66,window_0066.csv,2001-07-01,2011-06-01,1,0.990926403160417,0.02151016395604047,0.2,0.36666666666666664,0.0,0.16666666666666666,0.16666666666666666,0.1
67,window_0067.csv,2001-08-01,2011-07-01,1,0.9909264031604301,0.02151016395564626,0.2,0.36666666666666664,0.0,0.15833333333333333,0.175,0.1
68,window_0068.csv,2001-09-01,2011-08-01,1,0.9909264031604341,0.0215101639555619,0.2,0.36666666666666664,0.0,0.15,0.18333333333333332,0.1
69,window_0069.csv,2001-10-01,2011-09-01,1,0.9909264031308963,0.02151016455983938,0.2,0.36666666666666664,0.0,0.14166666666666666,0.19166666666666668,0.1
70,window_0070.csv,2001-11-01,2011-10-01,1,0.9909264030374135,0.021510166364575655,0.2,0.36666666666666664,0.0,0.13333333333333333,0.2,0.1
71,window_0071.csv,2001-12-01,2011-11-01,1,0.9909264041437891,0.021510147892471815,0.2,0.36666666666666664,0.0,0.125,0.20833333333333334,0.1
72,window_0072.csv,2002-01-01,2011-12-01,1,0.9909606856699007,0.021287622237945236,0.2,0.36666666666666664,0.0,0.11666666666666667,0.21666666666666667,0.1
73,window_0073.csv,2002-02-01,2012-01-01,1,0.9910616060959173,0.02074197216485385,0.2,0.35833333333333334,0.0,0.11666666666666667,0.225,0.1
74,window_0074.csv,2002-03-01,2012-02-01,1,0.9910671007221962,0.020696248215752003,0.2,0.35,0.0,0.11666666666666667,0.23333333333333334,0.1
75,window_0075.csv,2002-04-01,2012-03-01,1,0.9910671165502823,0.020696045126085125,0.2,0.3416666666666667,0.0,0.11666666666666667,0.24166666666666667,0.1
76,window_0076.csv,2002-05-01,2012-04-01,1,0.9910671375738078,0.020695760361772387,0.2,0.3333333333333333,0.0,0.11666666666666667,0.25,0.1
77,window_0077.csv,2002-06-01,2012-05-01,1,0.9910671366779973,0.02069577548125106,0.2,0.325,0.0,0.11666666666666667,0.25833333333333336,0.1
78,window_0078.csv,2002-07-01,2012-06-01,1,0.9910671363662622,0.020695781099785114,0.2,0.31666666666666665,0.0,0.11666666666666667,0.26666666666666666,0.1
79,window_0079.csv,2002-08-01,2012-07-01,1,0.9910671355472812,0.020695795110593895,0.2,0.30833333333333335,0.0,0.11666666666666667,0.275,0.1
80,window_0080.csv,2002-09-01,2012-08-01,1,0.9910671122435908,0.020696116392771906,0.2,0.3,0.0,0.11666666666666667,0.2833333333333333,0.1
81,window_0081.csv,2002-10-01,2012-09-01,1,0.9910671113423232,0.02069613174927306,0.2,0.2916666666666667,0.0,0.11666666666666667,0.2916666666666667,0.1
82,window_0082.csv,2002-11-01,2012-10-01,4,0.9910670860250647,0.020696478676327918,0.2,0.2833333333333333,0.0,0.11666666666666667,0.3,0.1
83,window_0083.csv,2002-12-01,2012-11-01,4,0.9910670716684777,0.02069668354523917,0.2,0.275,0.0,0.11666666666666667,0.30833333333333335,0.1
84,window_0084.csv,2003-01-01,2012-12-01,4,0.9910670715582868,0.020696685642151665,0.2,0.26666666666666666,0.0,0.11666666666666667,0.31666666666666665,0.1
85,window_0085.csv,2003-02-01,2013-01-01,4,0.9910670297210044,0.02069723797575906,0.2,0.25833333333333336,0.0,0.11666666666666667,0.325,0.1
86,window_0086.csv,2003-03-01,2013-02-01,4,0.9910670152928669,0.020697443409251472,0.2,0.25,0.0,0.11666666666666667,0.3333333333333333,0.1
87,window_0087.csv,2003-04-01,2013-03-01,4,0.9910670126913373,0.020697484925994228,0.2,0.24166666666666667,0.0,0.11666666666666667,0.3416666666666667,0.1
88,window_0088.csv,2003-05-01,2013-04-01,4,0.9910670047789608,0.02069760252036793,0.2,0.23333333333333334,0.0,0.11666666666666667,0.35,0.1
89,window_0089.csv,2003-06-01,2013-05-01,4,0.9910669961163447,0.020697730521116665,0.2,0.225,0.0,0.11666666666666667,0.35833333333333334,0.1
90,window_0090.csv,2003-07-01,2013-06-01,4,0.991066945127865,0.020698393582844126,0.2,0.21666666666666667,0.0,0.11666666666666667,0.36666666666666664,0.1
91,window_0091.csv,2003-08-01,2013-07-01,4,0.9910668997813802,0.02069898857247039,0.2,0.20833333333333334,0.0,0.11666666666666667,0.375,0.1
92,window_0092.csv,2003-09-01,2013-08-01,4,0.9910668819160945,0.02069923936083248,0.2,0.2,0.0,0.11666666666666667,0.38333333333333336,0.1
93,window_0093.csv,2003-10-01,2013-09-01,4,0.9910668810055502,0.0206992548080898,0.2,0.19166666666666668,0.0,0.11666666666666667,0.39166666666666666,0.1
94,window_0094.csv,2003-11-01,2013-10-01,4,0.9910668809704798,0.020699255514970892,0.2,0.18333333333333332,0.0,0.11666666666666667,0.4,0.1
95,window_0095.csv,2003-12-01,2013-11-01,4,0.9910668808868498,0.02069925713865572,0.2,0.175,0.0,0.11666666666666667,0.4083333333333333,0.1
96,window_0096.csv,2004-01-01,2013-12-01,4,0.9910668773993646,0.020699311840315718,0.2,0.16666666666666666,0.0,0.11666666666666667,0.4166666666666667,0.1
97,window_0097.csv,2004-02-01,2014-01-01,4,0.9910668540935597,0.020699633156296294,0.2,0.15833333333333333,0.0,0.11666666666666667,0.425,0.1
98,window_0098.csv,2004-03-01,2014-02-01,4,0.9910668487159408,0.020699715183617705,0.2,0.15,0.0,0.11666666666666667,0.43333333333333335,0.1
99,window_0099.csv,2004-04-01,2014-03-01,4,0.9910667957877919,0.020700401494097402,0.2,0.14166666666666666,0.0,0.11666666666666667,0.44166666666666665,0.1
100,window_0100.csv,2004-05-01,2014-04-01,4,0.9910667957265866,0.02070040270031387,0.2,0.13333333333333333,0.0,0.11666666666666667,0.45,0.1
101,window_0101.csv,2004-06-01,2014-05-01,4,0.9910667879930294,0.020700513455689146,0.2,0.125,0.0,0.11666666666666667,0.4583333333333333,0.1
102,window_0102.csv,2004-07-01,2014-06-01,4,0.9910667829544095,0.020700590290775926,0.2,0.11666666666666667,0.0,0.11666666666666667,0.4666666666666667,0.1
103,window_0103.csv,2004-08-01,2014-07-01,4,0.9910667824311413,0.020700599391507715,0.2,0.10833333333333334,0.0,0.11666666666666667,0.475,0.1
104,window_0104.csv,2004-09-01,2014-08-01,4,0.9910667788131892,0.020700656007418144,0.2,0.1,0.0,0.11666666666666667,0.48333333333333334,0.1
105,window_0105.csv,2004-10-01,2014-09-01,4,0.991066778291395,0.020700665177284767,0.2,0.09166666666666666,0.0,0.11666666666666667,0.49166666666666664,0.1
106,window_0106.csv,2004-11-01,2014-10-01,4,0.9910667768429339,0.020700689140700147,0.2,0.08333333333333333,0.0,0.11666666666666667,0.5,0.1
107,window_0107.csv,2004-12-01,2014-11-01,4,0.9910667776014429,0.020700676857247576,0.2,0.075,0.0,0.11666666666666667,0.5083333333333333,0.1
108,window_0108.csv,2005-01-01,2014-12-01,4,0.9910667776498261,0.020700675891418465,0.2,0.06666666666666667,0.0,0.11666666666666667,0.5166666666666667,0.1
109,window_0109.csv,2005-02-01,2015-01-01,4,0.9910667776529696,0.020700675820176536,0.2,0.058333333333333334,0.0,0.11666666666666667,0.525,0.1
110,window_0110.csv,2005-03-01,2015-02-01,4,0.9910667776915151,0.02070067504439269,0.2,0.05,0.0,0.11666666666666667,0.5333333333333333,0.1
111,window_0111.csv,2005-04-01,2015-03-01,4,0.991066777687447,0.020700675127398555,0.2,0.041666666666666664,0.0,0.11666666666666667,0.5416666666666666,0.1
112,window_0112.csv,2005-05-01,2015-04-01,4,0.9910667778370096,0.02070067257417865,0.2,0.03333333333333333,0.0,0.11666666666666667,0.55,0.1
113,window_0113.csv,2005-06-01,2015-05-01,4,0.9910667776342929,0.020700676017954764,0.2,0.025,0.0,0.11666666666666667,0.5583333333333333,0.1
114,window_0114.csv,2005-07-01,2015-06-01,4,0.9910667775366149,0.020700677896315023,0.2,0.016666666666666666,0.0,0.11666666666666667,0.5666666666666667,0.1
115,window_0115.csv,2005-08-01,2015-07-01,4,0.9910667803114144,0.020700639244105992,0.2,0.008333333333333333,0.0,0.11666666666666667,0.575,0.1
116,window_0116.csv,2005-09-01,2015-08-01,4,0.9911449781580274,0.020257720941304753,0.2,0.0,0.0,0.11666666666666667,0.5833333333333334,0.1
117,window_0117.csv,2005-10-01,2015-09-01,4,0.991144807569403,0.02025972372938625,0.2,0.0,0.0,0.10833333333333334,0.5916666666666667,0.1
118,window_0118.csv,2005-11-01,2015-10-01,4,0.9913348812652506,0.019396832805868812,0.2,0.0,0.0,0.1,0.6,0.1
119,window_0119.csv,2005-12-01,2015-11-01,4,0.9909959964754551,0.020338647895502788,0.19166666666666668,0.0,0.0,0.1,0.6083333333333333,0.1
120,window_0120.csv,2006-01-01,2015-12-01,4,0.9873096783178961,0.026007443271053518,0.18333333333333332,0.008333333333333333,0.0,0.1,0.6083333333333333,0.1
121,window_0121.csv,2006-02-01,2016-01-01,4,0.9872407905164877,0.02636693063178824,0.175,0.016666666666666666,0.0,0.1,0.6083333333333333,0.1
122,window_0122.csv,2006-03-01,2016-02-01,4,0.987241557927814,0.026359292367725527,0.16666666666666666,0.025,0.0,0.1,0.6083333333333333,0.1
123,window_0123.csv,2006-04-01,2016-03-01,4,0.9872416453302371,0.026358207473049716,0.15833333333333333,0.03333333333333333,0.0,0.1,0.6083333333333333,0.1
124,window_0124.csv,2006-05-01,2016-04-01,4,0.9872434209224955,0.02634142505056843,0.15,0.041666666666666664,0.0,0.1,0.6083333333333333,0.1
125,window_0125.csv,2006-06-01,2016-05-01,4,0.9872478928021089,0.02630328138995509,0.14166666666666666,0.05,0.0,0.1,0.6083333333333333,0.1
126,window_0126.csv,2006-07-01,2016-06-01,4,0.987309032446345,0.025941874828755217,0.13333333333333333,0.058333333333333334,0.0,0.1,0.6083333333333333,0.1
127,window_0127.csv,2006-08-01,2016-07-01,4,0.987361985966565,0.025621219235193084,0.125,0.06666666666666667,0.0,0.1,0.6083333333333333,0.1
128,window_0128.csv,2006-09-01,2016-08-01,4,0.9873671532497365,0.02557789135241825,0.11666666666666667,0.075,0.0,0.1,0.6083333333333333,0.1
129,window_0129.csv,2006-10-01,2016-09-01,4,0.9873671532390744,0.025577891546600184,0.10833333333333334,0.08333333333333333,0.0,0.1,0.6083333333333333,0.1
130,window_0130.csv,2006-11-01,2016-10-01,4,0.9873671532814268,0.025577890732925133,0.1,0.09166666666666666,0.0,0.1,0.6083333333333333,0.1
131,window_0131.csv,2006-12-01,2016-11-01,4,0.9873671541721971,0.02557787557048395,0.09166666666666666,0.1,0.0,0.1,0.6083333333333333,0.1
132,window_0132.csv,2007-01-01,2016-12-01,4,0.9873671592638803,0.02557779762615902,0.08333333333333333,0.10833333333333334,0.0,0.1,0.6083333333333333,0.1
133,window_0133.csv,2007-02-01,2017-01-01,4,0.987367167833442,0.025577670903288385,0.075,0.11666666666666667,0.0,0.1,0.6083333333333333,0.1
134,window_0134.csv,2007-03-01,2017-02-01,4,0.9873671679639848,0.02557766842670214,0.06666666666666667,0.125,0.0,0.1,0.6083333333333333,0.1
135,window_0135.csv,2007-04-01,2017-03-01,4,0.9873671758404458,0.025577551288809532,0.058333333333333334,0.13333333333333333,0.0,0.1,0.6083333333333333,0.1
136,window_0136.csv,2007-05-01,2017-04-01,4,0.987367270510426,0.02557637876594828,0.05,0.14166666666666666,0.0,0.1,0.6083333333333333,0.1
137,window_0137.csv,2007-06-01,2017-05-01,4,0.9873672845928674,0.025576177515982977,0.041666666666666664,0.15,0.0,0.1,0.6083333333333333,0.1
138,window_0138.csv,2007-07-01,2017-06-01,4,0.9873672995985519,0.025575964024946232,0.03333333333333333,0.15833333333333333,0.0,0.1,0.6083333333333333,0.1
139,window_0139.csv,2007-08-01,2017-07-01,4,0.9873673002534904,0.02557595265588506,0.025,0.16666666666666666,0.0,0.1,0.6083333333333333,0.1
140,window_0140.csv,2007-09-01,2017-08-01,4,0.9873675885187618,0.02557270336559636,0.016666666666666666,0.175,0.0,0.1,0.6083333333333333,0.1
141,window_0141.csv,2007-10-01,2017-09-01,4,0.9873680803572462,0.025567422203546478,0.008333333333333333,0.18333333333333332,0.0,0.1,0.6083333333333333,0.1
142,window_0142.csv,2007-11-01,2017-10-01,4,0.9873833271225437,0.025456079100311477,0.0,0.19166666666666668,0.0,0.1,0.6083333333333333,0.1
143,window_0143.csv,2007-12-01,2017-11-01,4,0.9913842724993418,0.01968644558352184,0.0,0.2,0.0,0.09166666666666666,0.6083333333333333,0.1
144,window_0144.csv,2008-01-01,2017-12-01,4,0.9922078956046385,0.01699881940009866,0.0,0.20833333333333334,0.0,0.08333333333333333,0.6083333333333333,0.1
145,window_0145.csv,2008-02-01,2018-01-01,4,0.9922248877659707,0.01687657346991261,0.0,0.21666666666666667,0.0,0.075,0.6083333333333333,0.1
146,window_0146.csv,2008-03-01,2018-02-01,4,0.9922248877751888,0.01687657327029597,0.0,0.225,0.0,0.06666666666666667,0.6083333333333333,0.1
147,window_0147.csv,2008-04-01,2018-03-01,4,0.9922248878377753,0.016876572036679974,0.0,0.23333333333333334,0.0,0.058333333333333334,0.6083333333333333,0.1
148,window_0148.csv,2008-05-01,2018-04-01,4,0.9922248893305192,0.016876547353243385,0.0,0.24166666666666667,0.0,0.05,0.6083333333333333,0.1
149,window_0149.csv,2008-06-01,2018-05-01,4,0.9922248893305193,0.016876547353230513,0.0,0.25,0.0,0.041666666666666664,0.6083333333333333,0.1
150,window_0150.csv,2008-07-01,2018-06-01,4,0.9922248893305193,0.016876547353231304,0.0,0.25833333333333336,0.0,0.03333333333333333,0.6083333333333333,0.1
151,window_0151.csv,2008-08-01,2018-07-01,4,0.9922248893305193,0.016876547353233184,0.0,0.26666666666666666,0.0,0.025,0.6083333333333333,0.1
152,window_0152.csv,2008-09-01,2018-08-01,4,0.9922248893305192,0.016876547353233153,0.0,0.275,0.0,0.016666666666666666,0.6083333333333333,0.1
153,window_0153.csv,2008-10-01,2018-09-01,4,0.9922248893305193,0.01687654735323316,0.0,0.2833333333333333,0.0,0.008333333333333333,0.6083333333333333,0.1
154,window_0154.csv,2008-11-01,2018-10-01,4,0.9922248893305193,0.016876547353233164,0.0,0.2916666666666667,0.0,0.0,0.6083333333333333,0.1
155,window_0155.csv,2008-12-01,2018-11-01,4,0.9922249377612803,0.016875915058851894,0.0,0.3,0.0,0.0,0.6083333333333333,0.09166666666666666
156,window_0156.csv,2009-01-01,2018-12-01,4,0.9922249377612803,0.016875915058851894,0.0,0.30833333333333335,0.0,0.0,0.6083333333333333,0.08333333333333333
157,window_0157.csv,2009-02-01,2019-01-01,4,0.9922249377612803,0.016875915058851894,0.0,0.31666666666666665,0.0,0.0,0.6083333333333333,0.075
158,window_0158.csv,2009-03-01,2019-02-01,4,0.9922249377612803,0.016875915058851894,0.0,0.325,0.0,0.0,0.6083333333333333,0.06666666666666667
159,window_0159.csv,2009-04-01,2019-03-01,4,0.9922249377612803,0.016875915058851897,0.0,0.3333333333333333,0.0,0.0,0.6083333333333333,0.058333333333333334
160,window_0160.csv,2009-05-01,2019-04-01,4,0.9922249377612803,0.016875915058851967,0.0,0.3416666666666667,0.0,0.0,0.6083333333333333,0.05
161,window_0161.csv,2009-06-01,2019-05-01,4,0.9922249377612803,0.016875915058851967,0.0,0.35,0.0,0.0,0.6083333333333333,0.041666666666666664
162,window_0162.csv,2009-07-01,2019-06-01,4,0.9922249377612803,0.01687591505885196,0.0,0.35833333333333334,0.0,0.0,0.6083333333333333,0.03333333333333333
163,window_0163.csv,2009-08-01,2019-07-01,4,0.9922249377613996,0.01687591505577055,0.0,0.36666666666666664,0.0,0.0,0.6083333333333333,0.025
164,window_0164.csv,2009-09-01,2019-08-01,4,0.9922250295739085,0.016874775109822705,0.0,0.375,0.0,0.0,0.6083333333333333,0.016666666666666666
165,window_0165.csv,2009-10-01,2019-09-01,4,0.9936013018840946,0.01314047290166262,0.0,0.38333333333333336,0.0,0.0,0.6083333333333333,0.008333333333333333
166,window_0166.csv,2009-11-01,2019-10-01,4,0.9955447866755959,0.008614318903243103,0.0,0.39166666666666666,0.0,0.0,0.6083333333333333,0.0
167,window_0167.csv,2009-12-01,2019-11-01,4,0.9955447882609739,0.008614292784213655,0.0,0.4,0.0,0.0,0.6,0.0
168,window_0168.csv,2010-01-01,2019-12-01,4,0.9955447888551165,0.008614282407021522,0.0,0.4083333333333333,0.0,0.0,0.5916666666666667,0.0
169,window_0169.csv,2010-02-01,2020-01-01,4,0.9955448055076312,0.008614047220019707,0.0,0.4166666666666667,0.0,0.0,0.5833333333333334,0.0
170,window_0170.csv,2010-03-01,2020-02-01,4,0.9955454197959627,0.008607587810630144,0.0,0.425,0.0,0.0,0.575,0.0
171,window_0171.csv,2010-04-01,2020-03-01,4,0.9955454566715977,0.008607096324038586,0.0,0.425,0.0,0.0,0.575,0.0
172,window_0172.csv,2010-05-01,2020-04-01,4,0.9955454597800453,0.008607047205439165,0.0,0.425,0.008333333333333333,0.0,0.5666666666666667,0.0
173,window_0173.csv,2010-06-01,2020-05-01,4,0.9955454597801571,0.008607047202536232,0.0,0.425,0.008333333333333333,0.0,0.5583333333333333,0.008333333333333333
174,window_0174.csv,2010-07-01,2020-06-01,4,0.9955454597801571,0.008607047202518198,0.0,0.425,0.008333333333333333,0.0,0.55,0.016666666666666666
175,window_0175.csv,2010-08-01,2020-07-01,4,0.9955454597801646,0.00860704720232872,0.0,0.425,0.008333333333333333,0.0,0.5416666666666666,0.025
176,window_0176.csv,2010-09-01,2020-08-01,4,0.9955454597802007,0.00860704720135531,0.0,0.425,0.008333333333333333,0.0,0.5333333333333333,0.03333333333333333
177,window_0177.csv,2010-10-01,2020-09-01,4,0.9955454597802255,0.008607047200695363,0.0,0.425,0.008333333333333333,0.0,0.525,0.041666666666666664
178,window_0178.csv,2010-11-01,2020-10-01,4,0.995545459780733,0.008607047188249544,0.0,0.425,0.008333333333333333,0.0,0.5166666666666667,0.05
179,window_0179.csv,2010-12-01,2020-11-01,4,0.9955454590544032,0.0086070597208823,0.0,0.425,0.008333333333333333,0.0,0.5083333333333333,0.058333333333333334
180,window_0180.csv,2011-01-01,2020-12-01,4,0.9955451766552682,0.008610248708012407,0.0,0.425,0.008333333333333333,0.0,0.5,0.06666666666666667
181,window_0181.csv,2011-02-01,2021-01-01,4,0.9955399796583947,0.008653794964856349,0.0,0.425,0.008333333333333333,0.0,0.49166666666666664,0.075
182,window_0182.csv,2011-03-01,2021-02-01,4,0.9954092697272482,0.009326453536610933,0.0,0.425,0.008333333333333333,0.0,0.48333333333333334,0.08333333333333333
183,window_0183.csv,2011-04-01,2021-03-01,4,0.995409189779937,0.009327410710516515,0.0,0.425,0.008333333333333333,0.0,0.48333333333333334,0.08333333333333333
184,window_0184.csv,2011-05-01,2021-04-01,4,0.9954091973755521,0.00932729747356036,0.0,0.425,0.008333333333333333,0.0,0.48333333333333334,0.08333333333333333
185,window_0185.csv,2011-06-01,2021-05-01,4,0.9954091979526795,0.009327287382236298,0.0,0.425,0.008333333333333333,0.0,0.48333333333333334,0.08333333333333333
186,window_0186.csv,2011-07-01,2021-06-01,4,0.9954091980887211,0.00932728480691371,0.0,0.425,0.008333333333333333,0.0,0.48333333333333334,0.08333333333333333
187,window_0187.csv,2011-08-01,2021-07-01,4,0.9954091980887249,0.009327284806824456,0.0,0.425,0.008333333333333333,0.0,0.48333333333333334,0.08333333333333333
188,window_0188.csv,2011-09-01,2021-08-01,4,0.9954091980887247,0.009327284806824414,0.0,0.425,0.008333333333333333,0.0,0.48333333333333334,0.08333333333333333
189,window_0189.csv,2011-10-01,2021-09-01,4,0.9954091981182626,0.009327284202546937,0.0,0.425,0.008333333333333333,0.0,0.48333333333333334,0.08333333333333333
190,window_0190.csv,2011-11-01,2021-10-01,4,0.9954091982117454,0.00932728239781066,0.0,0.425,0.008333333333333333,0.0,0.48333333333333334,0.08333333333333333
191,window_0191.csv,2011-12-01,2021-11-01,4,0.9954091982458818,0.009327281704417304,0.0,0.425,0.008333333333333333,0.0,0.48333333333333334,0.08333333333333333
192,window_0192.csv,2012-01-01,2021-12-01,4,0.9954091988979629,0.00932727041928207,0.0,0.425,0.008333333333333333,0.0,0.48333333333333334,0.08333333333333333
193,window_0193.csv,2012-02-01,2022-01-01,4,0.9954091040087794,0.009328416181903585,0.0,0.425,0.008333333333333333,0.0,0.48333333333333334,0.08333333333333333
194,window_0194.csv,2012-03-01,2022-02-01,4,0.9954035141218895,0.00937483693512107,0.0,0.425,0.008333333333333333,0.0,0.48333333333333334,0.08333333333333333
195,window_0195.csv,2012-04-01,2022-03-01,4,0.9953079216419345,0.009896833671196219,0.0,0.425,0.008333333333333333,0.008333333333333333,0.475,0.08333333333333333
196,window_0196.csv,2012-05-01,2022-04-01,4,0.9953079238268588,0.009896798415634697,0.0,0.425,0.008333333333333333,0.016666666666666666,0.4666666666666667,0.08333333333333333
197,window_0197.csv,2012-06-01,2022-05-01,4,0.9953079247580278,0.009896782579165668,0.0,0.425,0.008333333333333333,0.025,0.4583333333333333,0.08333333333333333
198,window_0198.csv,2012-07-01,2022-06-01,4,0.9953079250744259,0.009896776856626432,0.0,0.425,0.008333333333333333,0.03333333333333333,0.45,0.08333333333333333
199,window_0199.csv,2012-08-01,2022-07-01,4,0.9953079258969502,0.009896762765835494,0.0,0.425,0.008333333333333333,0.041666666666666664,0.44166666666666665,0.08333333333333333
200,window_0200.csv,2012-09-01,2022-08-01,4,0.9953079492014933,0.009896441463218312,0.0,0.425,0.008333333333333333,0.05,0.43333333333333335,0.08333333333333333
201,window_0201.csv,2012-10-01,2022-09-01,1,0.9953079501028423,0.009896426104580136,0.0,0.425,0.008333333333333333,0.058333333333333334,0.425,0.08333333333333333
202,window_0202.csv,2012-11-01,2022-10-01,1,0.9953079754228598,0.009896079114572832,0.0,0.425,0.008333333333333333,0.06666666666666667,0.4166666666666667,0.08333333333333333
203,window_0203.csv,2012-12-01,2022-11-01,1,0.9953079897817034,0.009895874193686994,0.0,0.425,0.008333333333333333,0.075,0.4083333333333333,0.08333333333333333
204,window_0204.csv,2013-01-01,2022-12-01,1,0.9953079898939918,0.009895872049561156,0.0,0.425,0.008333333333333333,0.08333333333333333,0.4,0.08333333333333333
205,window_0205.csv,2013-02-01,2023-01-01,1,0.995308031731187,0.009895319718108692,0.0,0.425,0.008333333333333333,0.09166666666666666,0.39166666666666666,0.08333333333333333
206,window_0206.csv,2013-03-01,2023-02-01,1,0.9953080452611871,0.009895129358499823,0.0,0.425,0.008333333333333333,0.1,0.38333333333333336,0.08333333333333333
207,window_0207.csv,2013-04-01,2023-03-01,1,0.9953080478708187,0.009895087665547473,0.0,0.425,0.008333333333333333,0.10833333333333334,0.375,0.08333333333333333
208,window_0208.csv,2013-05-01,2023-04-01,1,0.9953080508966465,0.00989504503694827,0.0,0.425,0.008333333333333333,0.11666666666666667,0.36666666666666664,0.08333333333333333
209,window_0209.csv,2013-06-01,2023-05-01,1,0.9953061165402644,0.009913110797146433,0.008333333333333333,0.425,0.008333333333333333,0.11666666666666667,0.35833333333333334,0.08333333333333333
210,window_0210.csv,2013-07-01,2023-06-01,1,0.9953061644607727,0.00991249625367181,0.016666666666666666,0.425,0.008333333333333333,0.11666666666666667,0.35,0.08333333333333333
211,window_0211.csv,2013-08-01,2023-07-01,1,0.9953062077247857,0.009911934989194432,0.025,0.425,0.008333333333333333,0.11666666666666667,0.3416666666666667,0.08333333333333333
212,window_0212.csv,2013-09-01,2023-08-01,1,0.9953060466862126,0.009913785768895567,0.03333333333333333,0.425,0.008333333333333333,0.11666666666666667,0.3333333333333333,0.08333333333333333
213,window_0213.csv,2013-10-01,2023-09-01,1,0.995305608365258,0.009918536174532058,0.041666666666666664,0.425,0.008333333333333333,0.11666666666666667,0.325,0.08333333333333333
214,window_0214.csv,2013-11-01,2023-10-01,1,0.9953029035871354,0.009942967552461577,0.05,0.425,0.008333333333333333,0.11666666666666667,0.31666666666666665,0.08333333333333333
215,window_0215.csv,2013-12-01,2023-11-01,1,0.9953026428661526,0.009945931795104158,0.058333333333333334,0.425,0.008333333333333333,0.11666666666666667,0.30833333333333335,0.08333333333333333
216,window_0216.csv,2014-01-01,2023-12-01,1,0.9953026435251987,0.00994592204945469,0.06666666666666667,0.425,0.008333333333333333,0.11666666666666667,0.3,0.08333333333333333
217,window_0217.csv,2014-02-01,2024-01-01,1,0.9953026630619923,0.009945659561441118,0.075,0.425,0.008333333333333333,0.11666666666666667,0.2916666666666667,0.08333333333333333
218,window_0218.csv,2014-03-01,2024-02-01,1,0.9953026666396417,0.009945606959694953,0.08333333333333333,0.425,0.008333333333333333,0.11666666666666667,0.2833333333333333,0.08333333333333333
219,window_0219.csv,2014-04-01,2024-03-01,1,0.995302692960793,0.009945283956966951,0.09166666666666666,0.425,0.008333333333333333,0.11666666666666667,0.275,0.08333333333333333
220,window_0220.csv,2014-05-01,2024-04-01,1,0.995302224489858,0.009950336401559018,0.1,0.425,0.008333333333333333,0.11666666666666667,0.26666666666666666,0.08333333333333333
221,window_0221.csv,2014-06-01,2024-05-01,1,0.9953021950267222,0.009950714198735382,0.10833333333333334,0.425,0.008333333333333333,0.11666666666666667,0.25833333333333336,0.08333333333333333
222,window_0222.csv,2014-07-01,2024-06-01,1,0.9953021984515671,0.009950663645664319,0.11666666666666667,0.425,0.008333333333333333,0.11666666666666667,0.25,0.08333333333333333
223,window_0223.csv,2014-08-01,2024-07-01,1,0.9953021963180558,0.009950696804096281,0.125,0.425,0.008333333333333333,0.11666666666666667,0.24166666666666667,0.08333333333333333
224,window_0224.csv,2014-09-01,2024-08-01,1,0.9953021995574252,0.009950646963961531,0.13333333333333333,0.425,0.008333333333333333,0.11666666666666667,0.23333333333333334,0.08333333333333333
225,window_0225.csv,2014-10-01,2024-09-01,1,0.9953021998313327,0.00995064233213058,0.14166666666666666,0.425,0.008333333333333333,0.11666666666666667,0.225,0.08333333333333333
226,window_0226.csv,2014-11-01,2024-10-01,1,0.9953021976688317,0.009950674851894041,0.15,0.425,0.008333333333333333,0.11666666666666667,0.21666666666666667,0.08333333333333333
227,window_0227.csv,2014-12-01,2024-11-01,1,0.9953003354107255,0.009968187486026403,0.15833333333333333,0.425,0.008333333333333333,0.11666666666666667,0.20833333333333334,0.08333333333333333
228,window_0228.csv,2015-01-01,2024-12-01,1,0.9953003160634651,0.00996845782938844,0.16666666666666666,0.425,0.008333333333333333,0.11666666666666667,0.2,0.08333333333333333
229,window_0229.csv,2015-02-01,2025-01-01,1,0.9953002208904642,0.009969636077716178,0.175,0.425,0.008333333333333333,0.11666666666666667,0.19166666666666668,0.08333333333333333
230,window_0230.csv,2015-03-01,2025-02-01,1,0.9953002053412192,0.009969856743548595,0.18333333333333332,0.425,0.008333333333333333,0.11666666666666667,0.18333333333333332,0.08333333333333333
231,window_0231.csv,2015-04-01,2025-03-01,1,0.9953001931591454,0.00997003249535654,0.19166666666666668,0.425,0.008333333333333333,0.11666666666666667,0.175,0.08333333333333333
232,window_0232.csv,2015-05-01,2025-04-01,1,0.9953001928247072,0.009970038127155242,0.2,0.425,0.008333333333333333,0.11666666666666667,0.16666666666666666,0.08333333333333333
233,window_0233.csv,2015-06-01,2025-05-01,1,0.9953001525625391,0.009970568713683322,0.20833333333333334,0.425,0.008333333333333333,0.11666666666666667,0.15833333333333333,0.08333333333333333
234,window_0234.csv,2015-07-01,2025-06-01,1,0.9953001468302366,0.009970655287095976,0.21666666666666667,0.425,0.008333333333333333,0.11666666666666667,0.15,0.08333333333333333
235,window_0235.csv,2015-08-01,2025-07-01,1,0.9953001501716067,0.009970606921488932,0.225,0.425,0.008333333333333333,0.11666666666666667,0.14166666666666666,0.08333333333333333
236,window_0236.csv,2015-09-01,2025-08-01,1,0.9953001355566478,0.009970815239123342,0.23333333333333334,0.425,0.008333333333333333,0.11666666666666667,0.13333333333333333,0.08333333333333333
237,window_0237.csv,2015-10-01,2025-09-01,1,0.9953003003130266,0.009968896222458893,0.24166666666666667,0.425,0.008333333333333333,0.11666666666666667,0.125,0.08333333333333333
238,window_0238.csv,2015-11-01,2025-10-01,1,0.995311530360389,0.009883483260818638,0.25,0.425,0.008333333333333333,0.11666666666666667,0.11666666666666667,0.08333333333333333
239,window_0239.csv,2015-12-01,2025-11-01,1,0.9959773941720428,0.00756256253570794,0.25833333333333336,0.425,0.008333333333333333,0.11666666666666667,0.10833333333333334,0.08333333333333333
240,window_0240.csv,2016-01-01,2025-12-01,1,0.99966995701868,0.0018438500474548508,0.26666666666666666,0.4166666666666667,0.008333333333333333,0.11666666666666667,0.10833333333333334,0.08333333333333333
