Date,CPIAUCSL,FEDFUNDS,GS10,HOUST,INDPRO,M2SL,PCE,TB3MS,UNRATE,NASDAQ,SP500,VIX
1995-01-01,150.5,5.53,7.78,1407.0,71.2734,3492.2,4851.2,5.71,5.6,755.2000122070312,470.4200134277344,11.960000038146973
1995-02-01,150.9,5.92,7.47,1316.0,71.193,3489.2,4850.8,5.77,5.4,793.72998046875,487.3900146484375,11.75
1995-03-01,151.2,5.98,7.2,1249.0,71.3113,3489.9,4885.4,5.73,5.4,817.2100219726562,500.7099914550781,13.369999885559082
1995-04-01,151.8,6.05,7.06,1267.0,71.1882,3498.2,4890.2,5.65,5.8,843.97998046875,514.7100219726562,11.75
1995-05-01,152.1,6.01,6.63,1314.0,71.5378,3525.1,4933.1,5.67,5.6,864.5800170898438,533.4000244140625,12.850000381469727
1995-06-01,152.4,6.0,6.17,1281.0,71.7749,3549.4,4977.5,5.47,5.6,933.4500122070312,544.75,11.380000114440918
1995-07-01,152.6,5.85,6.28,1461.0,71.4748,3567.5,4970.2,5.42,5.7,1001.2100219726562,562.0599975585938,13.489999771118164
1995-08-01,152.9,5.74,6.49,1416.0,72.4223,3588.9,5005.3,5.4,5.7,1020.1099853515625,561.8800048828125,11.520000457763672
1995-09-01,153.1,5.8,6.2,1369.0,72.7144,3602.9,5020.5,5.28,5.6,1043.5400390625,584.4099731445312,12.739999771118164
1995-10-01,153.5,5.76,6.04,1369.0,72.5866,3614.1,5013.9,5.28,5.5,1036.06005859375,581.5,13.829999923706055
1995-11-01,153.7,5.8,5.93,1452.0,72.7779,3620.4,5055.6,5.36,5.6,1059.199951171875,605.3699951171875,11.579999923706055
1995-12-01,153.9,5.6,5.71,1431.0,73.0305,3629.8,5097.5,5.14,5.6,1052.1300048828125,615.9299926757812,12.520000457763672
1996-01-01,154.7,5.56,5.65,1467.0,72.6125,3647.4,5085.7,5.0,5.6,1059.7900390625,636.02001953125,12.529999732971191
1996-02-01,155.0,5.22,5.81,1491.0,73.6752,3660.8,5132.8,4.83,5.5,1100.050048828125,640.4299926757812,17.040000915527344
1996-03-01,155.5,5.31,6.27,1424.0,73.585,3685.4,5173.3,4.96,5.5,1101.4000244140625,645.5,18.8799991607666
1996-04-01,156.1,5.22,6.51,1516.0,74.3172,3696.4,5208.0,4.95,5.6,1190.52001953125,654.1699829101562,15.829999923706055
1996-05-01,156.4,5.24,6.74,1504.0,74.8726,3710.7,5223.8,5.02,5.6,1243.4300537109375,669.1199951171875,16.06999969482422
1996-06-01,156.7,5.27,6.91,1467.0,75.4433,3723.3,5229.8,5.09,5.3,1185.02001953125,670.6300048828125,13.680000305175781
1996-07-01,157.0,5.4,6.87,1472.0,75.4549,3737.5,5251.9,5.15,5.5,1080.5899658203125,639.9500122070312,19.459999084472656
1996-08-01,157.2,5.22,6.64,1557.0,75.8411,3744.1,5275.0,5.05,5.1,1141.5,651.989990234375,17.010000228881836
1996-09-01,157.7,5.3,6.83,1475.0,76.3158,3754.2,5296.6,5.09,5.2,1226.9200439453125,687.3300170898438,16.950000762939453
1996-10-01,158.2,5.24,6.53,1392.0,76.3384,3773.4,5328.5,4.99,5.2,1221.510009765625,705.27001953125,18.110000610351562
1996-11-01,158.7,5.31,6.2,1489.0,77.0397,3795.5,5351.2,5.03,5.4,1292.6099853515625,757.02001953125,17.139999389648438
1996-12-01,159.1,5.29,6.3,1370.0,77.5333,3818.7,5378.6,4.91,5.4,1291.030029296875,740.739990234375,20.920000076293945
1997-01-01,159.4,5.25,6.58,1355.0,77.6562,3834.0,5411.1,5.03,5.3,1379.8499755859375,786.1599731445312,19.469999313354492
1997-02-01,159.7,5.19,6.42,1486.0,78.5833,3845.0,5434.0,5.01,5.2,1309.0,790.8200073242188,21.100000381469727
1997-03-01,159.8,5.39,6.69,1457.0,79.082,3859.5,5454.2,5.14,5.2,1221.699951171875,757.1199951171875,22.139999389648438
1997-04-01,159.9,5.51,6.89,1492.0,79.1747,3875.8,5459.3,5.16,5.1,1260.760009765625,801.3400268554688,20.059999465942383
1997-05-01,159.9,5.5,6.71,1442.0,79.6133,3890.5,5460.2,5.05,4.9,1400.3199462890625,848.280029296875,19.190000534057617
1997-06-01,160.2,5.56,6.49,1494.0,79.9792,3907.1,5494.2,4.93,5.0,1442.0699462890625,885.1400146484375,21.530000686645508
1997-07-01,160.4,5.52,6.22,1437.0,80.6624,3924.9,5548.8,5.05,4.9,1593.81005859375,954.3099975585938,21.479999542236328
1997-08-01,160.8,5.54,6.3,1390.0,81.4694,3957.7,5587.0,5.14,4.8,1587.3199462890625,899.469970703125,24.760000228881836
1997-09-01,161.2,5.54,6.21,1546.0,82.2156,3973.7,5601.7,4.95,4.9,1685.68994140625,947.280029296875,22.90999984741211
1997-10-01,161.5,5.5,6.03,1520.0,82.9446,3992.7,5637.7,4.97,4.7,1593.6099853515625,914.6199951171875,35.09000015258789
1997-11-01,161.7,5.52,5.88,1510.0,83.5978,4015.0,5661.1,5.14,4.6,1600.550048828125,955.4000244140625,27.43000030517578
1997-12-01,161.8,5.5,5.81,1566.0,83.9538,4033.0,5692.1,5.16,4.7,1570.3499755859375,970.4299926757812,24.010000228881836
1998-01-01,162.0,5.56,5.54,1525.0,84.3218,4055.2,5689.9,5.04,4.6,1619.3599853515625,980.280029296875,21.469999313354492
1998-02-01,162.0,5.51,5.57,1584.0,84.4583,4087.3,5723.8,5.09,4.6,1770.510009765625,1049.3399658203125,18.549999237060547
1998-03-01,162.0,5.49,5.65,1567.0,84.488,4112.4,5750.3,5.03,4.7,1835.6800537109375,1101.75,24.219999313354492
1998-04-01,162.2,5.45,5.64,1540.0,84.7779,4138.9,5788.1,4.95,4.3,1868.4100341796875,1111.75,21.18000030517578
1998-05-01,162.6,5.49,5.65,1536.0,85.3367,4165.9,5837.9,5.0,4.4,1778.8699951171875,1090.8199462890625,21.31999969482422
1998-06-01,162.8,5.56,5.5,1641.0,84.8248,4185.6,5871.7,4.98,4.5,1894.739990234375,1133.8399658203125,19.709999084472656
1998-07-01,163.2,5.54,5.46,1698.0,84.4986,4205.4,5890.0,4.96,4.5,1872.3900146484375,1120.6700439453125,24.799999237060547
1998-08-01,163.4,5.55,5.34,1614.0,86.248,4229.3,5925.0,4.9,4.5,1499.25,957.280029296875,44.279998779296875
1998-09-01,163.5,5.51,4.81,1582.0,86.2021,4268.3,5965.6,4.61,4.6,1693.8399658203125,1017.010009765625,40.95000076293945
1998-10-01,163.9,5.07,4.53,1715.0,86.7914,4308.2,5998.8,3.96,4.5,1771.3900146484375,1098.6700439453125,28.049999237060547
1998-11-01,164.1,4.83,4.83,1660.0,86.7256,4346.8,6015.4,4.41,4.4,1949.5400390625,1163.6300048828125,26.010000228881836
1998-12-01,164.4,4.68,4.65,1792.0,87.1185,4375.5,6070.5,4.39,4.4,2192.68994140625,1229.22998046875,24.420000076293945
1999-01-01,164.7,4.63,4.72,1748.0,87.4949,4401.7,6073.9,4.34,4.3,2505.889892578125,1279.6400146484375,26.25
1999-02-01,164.7,4.76,5.0,1670.0,88.027,4423.7,6099.2,4.44,4.4,2288.030029296875,1238.3299560546875,27.8799991607666
1999-03-01,164.8,4.81,5.23,1710.0,88.2267,4430.1,6133.0,4.44,4.2,2461.39990234375,1286.3699951171875,23.260000228881836
1999-04-01,165.9,4.74,5.18,1553.0,88.4295,4459.9,6199.5,4.29,4.3,2542.860107421875,1335.1800537109375,25.06999969482422
1999-05-01,166.0,4.74,5.54,1611.0,88.9886,4487.9,6232.1,4.5,4.2,2470.52001953125,1301.8399658203125,25.389999389648438
1999-06-01,166.0,4.76,5.9,1559.0,88.9188,4510.1,6260.3,4.57,4.3,2686.1201171875,1372.7099609375,21.09000015258789
1999-07-01,166.7,4.99,5.79,1669.0,89.4333,4537.6,6287.6,4.55,4.3,2638.489990234375,1328.719970703125,24.639999389648438
1999-08-01,167.1,5.07,5.94,1648.0,89.7924,4553.6,6331.9,4.72,4.2,2739.35009765625,1320.4100341796875,24.450000762939453
1999-09-01,167.8,5.22,5.92,1635.0,89.4299,4569.5,6386.5,4.68,4.2,2746.159912109375,1282.7099609375,25.40999984741211
1999-10-01,168.1,5.2,6.11,1608.0,90.523,4592.9,6411.4,4.86,4.1,2966.429931640625,1362.9300537109375,22.200000762939453
1999-11-01,168.4,5.42,6.03,1648.0,90.9618,4611.9,6448.7,5.07,4.1,3336.159912109375,1388.9100341796875,24.18000030517578
1999-12-01,168.8,5.3,6.28,1708.0,91.6634,4639.1,6541.0,5.2,4.0,4069.31005859375,1469.25,24.639999389648438
2000-01-01,169.3,5.45,6.66,1636.0,91.538,4666.1,6542.9,5.32,4.0,3940.35009765625,1394.4599609375,24.950000762939453
2000-02-01,170.0,5.73,6.52,1737.0,91.8239,4678.7,6625.3,5.55,4.1,4696.68994140625,1366.4200439453125,23.3700008392334
2000-03-01,171.0,5.85,6.26,1604.0,92.1504,4709.1,6686.5,5.69,4.0,4572.830078125,1498.5799560546875,24.110000610351562
2000-04-01,170.9,6.02,5.99,1626.0,92.6989,4766.4,6679.1,5.66,3.8,3860.659912109375,1452.4300537109375,26.200000762939453
2000-05-01,171.2,6.27,6.44,1575.0,92.9499,4757.5,6709.7,5.79,4.0,3400.909912109375,1420.5999755859375,23.649999618530273
2000-06-01,172.2,6.53,6.1,1559.0,92.9862,4775.8,6746.9,5.69,4.0,3966.110107421875,1454.5999755859375,19.540000915527344
2000-07-01,172.7,6.54,6.05,1463.0,92.8048,4793.4,6768.5,5.96,4.0,3766.989990234375,1430.8299560546875,20.739999771118164
2000-08-01,172.7,6.5,5.83,1541.0,92.5521,4820.4,6802.8,6.09,4.1,4206.35009765625,1517.6800537109375,16.84000015258789
2000-09-01,173.6,6.52,5.8,1507.0,92.9792,4855.9,6888.6,6.0,3.9,3672.820068359375,1436.510009765625,20.56999969482422
2000-10-01,173.9,6.51,5.74,1549.0,92.6179,4871.4,6893.8,6.11,3.9,3369.6298828125,1429.4000244140625,23.6299991607666
2000-11-01,174.2,6.51,5.72,1551.0,92.6438,4882.6,6909.8,6.17,3.9,2597.929931640625,1314.949951171875,29.649999618530273
2000-12-01,174.6,6.4,5.24,1532.0,92.3415,4927.3,6952.2,5.77,3.9,2470.52001953125,1320.280029296875,26.850000381469727
2001-01-01,175.6,5.98,5.16,1600.0,91.902,4976.8,6987.4,5.15,4.2,2772.72998046875,1366.010009765625,22.020000457763672
2001-02-01,176.0,5.49,5.1,1625.0,91.3034,5014.9,7001.8,4.88,4.2,2151.830078125,1239.93994140625,28.350000381469727
2001-03-01,176.1,5.31,4.89,1590.0,91.1162,5072.2,6996.7,4.42,4.3,1840.260009765625,1160.3299560546875,28.639999389648438
2001-04-01,176.4,4.8,5.14,1649.0,90.7891,5137.9,7004.2,3.87,4.4,2116.239990234375,1249.4599609375,25.479999542236328
2001-05-01,177.3,4.21,5.39,1605.0,90.3555,5139.1,7052.8,3.62,4.3,2110.489990234375,1255.8199462890625,22.639999389648438
2001-06-01,177.7,3.97,5.28,1636.0,89.8784,5182.3,7069.7,3.49,4.5,2160.5400390625,1224.3800048828125,19.059999465942383
2001-07-01,177.4,3.77,5.24,1670.0,89.3028,5212.0,7082.3,3.51,4.6,2027.1300048828125,1211.22998046875,21.6200008392334
2001-08-01,177.4,3.65,4.97,1567.0,89.2003,5244.4,7121.7,3.36,4.9,1805.4300537109375,1133.5799560546875,24.920000076293945
2001-09-01,178.1,3.07,4.73,1562.0,88.7485,5355.9,7007.0,2.64,5.0,1498.800048828125,1040.93994140625,31.93000030517578
2001-10-01,177.6,2.49,4.57,1540.0,88.5052,5344.0,7212.9,2.16,5.3,1690.199951171875,1059.780029296875,33.560001373291016
2001-11-01,177.5,2.09,4.65,1602.0,87.97,5387.5,7182.3,1.87,5.5,1930.5799560546875,1139.449951171875,23.84000015258789
2001-12-01,177.4,1.82,5.09,1568.0,87.9324,5440.1,7166.7,1.69,5.7,1950.4000244140625,1148.0799560546875,23.799999237060547
2002-01-01,177.7,1.73,5.04,1698.0,88.5176,5459.6,7184.6,1.65,5.7,1934.030029296875,1130.199951171875,21.09000015258789
2002-02-01,178.0,1.74,4.91,1829.0,88.5278,5488.4,7225.2,1.72,5.7,1731.489990234375,1106.72998046875,21.59000015258789
2002-03-01,178.5,1.73,5.28,1642.0,89.1686,5499.8,7243.4,1.79,5.7,1845.3499755859375,1147.3900146484375,17.399999618530273
2002-04-01,179.3,1.75,5.21,1592.0,89.604,5501.3,7312.5,1.71,5.9,1688.22998046875,1076.9200439453125,21.90999984741211
2002-05-01,179.5,1.75,5.16,1764.0,89.964,5530.1,7288.9,1.73,5.8,1615.72998046875,1067.1400146484375,19.979999542236328
2002-06-01,179.6,1.75,4.93,1717.0,90.7061,5555.3,7322.5,1.7,5.8,1463.2099609375,989.8200073242188,25.399999618530273
2002-07-01,180.0,1.73,4.65,1655.0,90.6769,5597.6,7387.3,1.68,5.8,1328.260009765625,911.6199951171875,32.029998779296875
2002-08-01,180.5,1.74,4.26,1633.0,90.5762,5638.5,7412.6,1.62,5.7,1314.8499755859375,916.0700073242188,32.63999938964844
2002-09-01,180.8,1.75,3.87,1804.0,90.6531,5662.9,7391.5,1.63,5.7,1172.06005859375,815.280029296875,39.689998626708984
2002-10-01,181.2,1.75,3.94,1648.0,90.4643,5707.3,7435.2,1.58,5.7,1329.75,885.760009765625,31.139999389648438
2002-11-01,181.5,1.34,4.05,1753.0,90.9711,5758.0,7463.8,1.23,5.9,1478.780029296875,936.3099975585938,27.5
2002-12-01,181.8,1.24,4.03,1788.0,90.4652,5779.0,7519.9,1.19,6.0,1335.510009765625,879.8200073242188,28.6200008392334
2003-01-01,182.6,1.24,4.05,1853.0,91.2361,5811.1,7541.3,1.17,5.8,1320.9100341796875,855.7000122070312,31.170000076293945
2003-02-01,183.6,1.26,3.9,1629.0,91.3445,5846.8,7548.6,1.17,5.9,1337.52001953125,841.1500244140625,29.6299991607666
2003-03-01,183.9,1.25,3.81,1726.0,91.1044,5866.3,7611.5,1.13,5.9,1341.1700439453125,848.1799926757812,29.149999618530273
2003-04-01,183.2,1.26,3.96,1643.0,90.5617,5904.9,7634.5,1.13,6.0,1464.31005859375,916.9199829101562,21.209999084472656
2003-05-01,182.9,1.26,3.57,1751.0,90.537,5967.0,7650.3,1.07,6.1,1595.9100341796875,963.5900268554688,19.469999313354492
2003-06-01,183.1,1.22,3.33,1867.0,90.6527,6003.9,7699.6,0.92,6.3,1622.800048828125,974.5,19.520000457763672
2003-07-01,183.7,1.01,3.98,1897.0,91.1185,6050.4,7757.0,0.9,6.2,1735.02001953125,990.3099975585938,19.489999771118164
2003-08-01,184.5,1.03,4.45,1833.0,90.9197,6107.0,7852.1,0.95,6.1,1810.449951171875,1008.010009765625,18.6299991607666
2003-09-01,185.1,1.01,4.27,1939.0,91.5059,6080.0,7853.7,0.94,6.1,1786.93994140625,995.969970703125,22.719999313354492
2003-10-01,184.9,1.01,4.29,1967.0,91.6186,6070.2,7867.4,0.92,6.0,1932.2099609375,1050.7099609375,16.100000381469727
2003-11-01,185.0,1.0,4.3,2083.0,92.2329,6075.5,7922.6,0.93,5.8,1960.260009765625,1058.199951171875,16.31999969482422
2003-12-01,185.5,0.98,4.27,2057.0,92.2602,6073.5,7950.4,0.9,5.7,2003.3699951171875,1111.9200439453125,18.309999465942383
2004-01-01,186.3,1.0,4.15,1911.0,92.4006,6081.3,8007.1,0.88,5.7,2066.14990234375,1131.1300048828125,16.6299991607666
2004-02-01,186.7,1.01,4.08,1846.0,92.958,6120.7,8040.4,0.93,5.6,2029.8199462890625,1144.93994140625,14.550000190734863
2004-03-01,187.1,1.0,3.83,1998.0,92.5861,6156.3,8098.8,0.94,5.8,1994.219970703125,1126.2099609375,16.739999771118164
2004-04-01,187.4,1.0,4.35,2003.0,92.93,6198.5,8107.2,0.94,5.6,1920.1500244140625,1107.300048828125,17.190000534057617
2004-05-01,188.2,1.0,4.72,1981.0,93.6013,6277.2,8176.5,1.02,5.6,1986.739990234375,1120.6800537109375,15.5
2004-06-01,188.9,1.03,4.73,1828.0,92.871,6279.3,8157.6,1.27,5.6,2047.7900390625,1140.8399658203125,14.34000015258789
2004-07-01,189.1,1.26,4.5,2002.0,93.5649,6292.3,8236.9,1.33,5.5,1887.3599853515625,1101.719970703125,15.319999694824219
2004-08-01,189.2,1.43,4.28,2024.0,93.6277,6317.7,8271.6,1.48,5.4,1838.0999755859375,1104.239990234375,15.289999961853027
2004-09-01,189.8,1.61,4.13,1905.0,93.7467,6352.3,8341.5,1.65,5.4,1896.8399658203125,1114.5799560546875,13.34000015258789
2004-10-01,190.8,1.76,4.1,2072.0,94.5465,6379.9,8397.1,1.76,5.5,1974.989990234375,1130.199951171875,16.270000457763672
2004-11-01,191.7,1.93,4.19,1782.0,94.7813,6406.3,8444.5,2.07,5.4,2096.81005859375,1173.8199462890625,13.239999771118164
2004-12-01,191.7,2.16,4.23,2042.0,95.5365,6424.3,8504.4,2.19,5.4,2175.43994140625,1211.9200439453125,13.289999961853027
2005-01-01,191.6,2.28,4.22,2144.0,95.8801,6429.9,8497.7,2.33,5.3,2062.409912109375,1181.27001953125,12.819999694824219
2005-02-01,192.4,2.5,4.17,2207.0,96.5761,6437.7,8559.1,2.54,5.4,2051.719970703125,1203.5999755859375,12.079999923706055
2005-03-01,193.1,2.63,4.5,1864.0,96.4456,6446.6,8598.4,2.74,5.2,1999.22998046875,1180.5899658203125,14.020000457763672
2005-04-01,193.7,2.79,4.34,2061.0,96.6532,6461.4,8678.4,2.78,5.2,1921.6500244140625,1156.8499755859375,15.3100004196167
2005-05-01,193.6,3.0,4.14,2025.0,96.7402,6480.6,8671.6,2.84,5.1,2068.219970703125,1191.5,13.289999961853027
2005-06-01,193.7,3.04,4.0,2068.0,97.1753,6513.2,8753.4,2.97,5.0,2056.9599609375,1191.3299560546875,12.039999961853027
2005-07-01,194.9,3.26,4.18,2054.0,96.8676,6545.1,8853.8,3.22,5.0,2184.830078125,1234.1800537109375,11.569999694824219
2005-08-01,196.1,3.5,4.26,2095.0,97.1833,6576.7,8850.1,3.44,4.9,2152.090087890625,1220.3299560546875,12.600000381469727
2005-09-01,198.8,3.62,4.2,2151.0,95.3005,6610.2,8900.4,3.42,5.0,2151.68994140625,1228.81005859375,11.920000076293945
2005-10-01,199.1,3.78,4.46,2065.0,96.4572,6644.0,8938.5,3.71,5.0,2120.300048828125,1207.010009765625,15.319999694824219
2005-11-01,198.1,4.0,4.54,2147.0,97.5414,6660.6,8946.2,3.88,5.0,2232.820068359375,1249.47998046875,12.0600004196167
2005-12-01,198.1,4.16,4.47,1994.0,98.0452,6687.4,8981.1,3.89,4.9,2205.320068359375,1248.2900390625,12.069999694824219
2006-01-01,199.3,4.29,4.42,2273.0,98.1999,6728.4,9071.6,4.24,4.7,2305.820068359375,1280.0799560546875,12.949999809265137
2006-02-01,199.4,4.49,4.57,2119.0,98.2413,6753.1,9096.0,4.43,4.8,2281.389892578125,1280.6600341796875,12.34000015258789
2006-03-01,199.7,4.59,4.72,1969.0,98.4628,6766.9,9132.9,4.51,4.7,2339.7900390625,1294.8699951171875,11.390000343322754
2006-04-01,200.7,4.79,4.99,1821.0,98.7618,6806.3,9191.6,4.6,4.7,2322.570068359375,1310.6099853515625,11.59000015258789
2006-05-01,201.3,4.94,5.11,1942.0,98.7869,6815.7,9231.8,4.72,4.6,2178.8798828125,1270.0899658203125,16.440000534057617
2006-06-01,201.8,4.99,5.11,1802.0,99.0997,6854.0,9259.6,4.79,4.6,2172.090087890625,1270.199951171875,13.079999923706055
2006-07-01,202.9,5.24,5.09,1737.0,99.0489,6896.1,9343.8,4.95,4.7,2091.469970703125,1276.6600341796875,14.949999809265137
2006-08-01,203.8,5.25,4.88,1650.0,99.4836,6926.4,9342.2,4.96,4.7,2183.75,1303.8199462890625,12.3100004196167
2006-09-01,202.8,5.25,4.72,1720.0,99.3183,6952.8,9375.4,4.81,4.5,2258.429931640625,1335.8499755859375,11.979999542236328
2006-10-01,201.9,5.25,4.73,1491.0,99.2044,7002.1,9393.6,4.92,4.4,2366.7099609375,1377.93994140625,11.100000381469727
2006-11-01,202.0,5.25,4.6,1570.0,99.1627,7037.3,9400.2,4.94,4.5,2431.77001953125,1400.6300048828125,10.90999984741211
2006-12-01,203.1,5.24,4.56,1649.0,100.1735,7079.3,9488.3,4.85,4.4,2415.2900390625,1418.300048828125,11.5600004196167
2007-01-01,203.437,5.25,4.76,1409.0,99.8346,7115.6,9538.7,4.98,4.6,2463.929931640625,1438.239990234375,10.420000076293945
2007-02-01,204.226,5.26,4.72,1480.0,100.7753,7131.9,9566.0,5.03,4.5,2416.14990234375,1406.8199462890625,15.420000076293945
2007-03-01,205.288,5.26,4.56,1495.0,100.9547,7164.7,9611.7,4.94,4.4,2421.639892578125,1420.8599853515625,14.640000343322754
2007-04-01,205.904,5.25,4.69,1490.0,101.6334,7239.9,9643.6,4.87,4.5,2525.090087890625,1482.3699951171875,14.220000267028809
2007-05-01,206.755,5.25,4.75,1415.0,101.7306,7257.1,9685.8,4.73,4.4,2604.52001953125,1530.6199951171875,13.050000190734863
2007-06-01,207.234,5.25,5.1,1448.0,101.7893,7290.6,9706.8,4.61,4.6,2603.22998046875,1503.3499755859375,16.229999542236328
2007-07-01,207.603,5.26,5.0,1354.0,101.6672,7321.8,9751.1,4.82,4.7,2546.27001953125,1455.27001953125,23.520000457763672
2007-08-01,207.667,5.02,4.67,1330.0,101.863,7397.0,9798.9,4.2,4.6,2596.360107421875,1473.989990234375,23.3799991607666
2007-09-01,208.547,4.94,4.52,1183.0,102.0894,7413.8,9845.1,3.89,4.7,2701.5,1526.75,18.0
2007-10-01,209.19,4.76,4.53,1264.0,101.8015,7429.0,9882.7,3.9,4.7,2859.1201171875,1549.3800048828125,18.530000686645508
2007-11-01,210.834,4.49,4.15,1197.0,102.3446,7454.0,9955.9,3.27,4.7,2660.9599609375,1481.1400146484375,22.8700008392334
2007-12-01,211.445,4.24,4.1,1037.0,102.3803,7482.7,9972.8,3.0,5.0,2652.280029296875,1468.3599853515625,22.5
2008-01-01,212.174,3.94,3.74,1084.0,102.2448,7513.6,9996.4,2.75,5.0,2389.860107421875,1378.550048828125,26.200000762939453
2008-02-01,212.687,2.98,3.74,1103.0,101.8438,7600.3,9981.7,2.12,4.9,2271.47998046875,1330.6300048828125,26.540000915527344
2008-03-01,213.448,2.61,3.51,1005.0,101.5336,7664.9,10035.3,1.26,5.1,2279.10009765625,1322.699951171875,25.610000610351562
2008-04-01,213.942,2.28,3.68,1013.0,100.8785,7711.4,10070.3,1.29,5.0,2412.800048828125,1385.5899658203125,20.790000915527344
2008-05-01,215.208,1.98,3.88,973.0,100.2674,7728.3,10132.3,1.73,5.4,2522.659912109375,1400.3800048828125,17.829999923706055
2008-06-01,217.463,2.0,4.1,1046.0,100.0335,7747.3,10187.1,1.86,5.6,2292.97998046875,1280.0,23.950000762939453
2008-07-01,219.016,2.01,4.01,923.0,99.676,7794.9,10185.1,1.63,5.8,2325.550048828125,1267.3800048828125,22.940000534057617
2008-08-01,218.69,2.0,3.89,844.0,98.1111,7808.8,10175.7,1.72,6.1,2367.52001953125,1282.8299560546875,20.649999618530273
2008-09-01,218.877,1.81,3.69,820.0,93.7895,7873.6,10116.4,1.13,6.1,2091.8798828125,1166.3599853515625,39.38999938964844
2008-10-01,216.995,0.97,3.81,777.0,94.7219,7976.3,10034.1,0.67,6.5,1720.949951171875,968.75,59.88999938964844
2008-11-01,213.153,0.39,3.53,652.0,93.4715,8027.8,9885.2,0.19,6.8,1535.5699462890625,896.239990234375,55.279998779296875
2008-12-01,211.398,0.16,2.42,560.0,90.8357,8203.0,9801.5,0.03,7.3,1577.030029296875,903.25,40.0
2009-01-01,211.933,0.15,2.52,490.0,88.57,8284.2,9847.2,0.13,7.8,1476.4200439453125,825.8800048828125,44.84000015258789
2009-02-01,212.705,0.22,2.87,582.0,88.031,8314.7,9824.5,0.3,8.3,1377.8399658203125,735.0900268554688,46.349998474121094
2009-03-01,212.495,0.18,2.82,505.0,86.6528,8380.5,9773.2,0.21,8.7,1528.5899658203125,797.8699951171875,44.13999938964844
2009-04-01,212.709,0.15,2.93,478.0,85.9344,8390.2,9772.5,0.16,9.0,1717.300048828125,872.8099975585938,36.5
2009-05-01,213.022,0.18,3.29,540.0,85.0665,8452.9,9791.6,0.18,9.4,1774.3299560546875,919.1400146484375,28.920000076293945
2009-06-01,214.79,0.21,3.72,585.0,84.7459,8462.9,9852.4,0.18,9.5,1835.0400390625,919.3200073242188,26.350000381469727
2009-07-01,214.726,0.16,3.56,594.0,85.7027,8467.3,9886.3,0.18,9.5,1978.5,987.47998046875,25.920000076293945
2009-08-01,215.445,0.16,3.59,586.0,86.6426,8466.2,10004.1,0.17,9.6,2009.06005859375,1020.6199951171875,26.010000228881836
2009-09-01,215.861,0.15,3.4,585.0,87.4063,8462.7,9927.8,0.12,9.8,2122.419921875,1057.0799560546875,25.610000610351562
2009-10-01,216.509,0.12,3.39,534.0,87.6419,8489.2,9976.7,0.07,10.0,2045.1099853515625,1036.18994140625,30.690000534057617
2009-11-01,217.234,0.12,3.4,588.0,88.0221,8517.9,9985.7,0.05,9.9,2144.60009765625,1095.6300048828125,24.510000228881836
2009-12-01,217.347,0.12,3.59,581.0,88.3793,8510.6,10052.6,0.05,9.9,2269.14990234375,1115.0999755859375,21.68000030517578
2010-01-01,217.488,0.11,3.73,614.0,89.3426,8473.1,10056.1,0.06,9.8,2147.35009765625,1073.8699951171875,24.6200008392334
2010-02-01,217.281,0.13,3.69,604.0,89.6779,8523.4,10093.4,0.11,9.8,2238.260009765625,1104.489990234375,19.5
2010-03-01,217.353,0.16,3.73,636.0,90.2928,8519.0,10156.0,0.15,9.9,2397.9599609375,1169.4300537109375,17.59000015258789
2010-04-01,217.403,0.2,3.85,687.0,90.5991,8554.3,10182.3,0.16,9.9,2461.18994140625,1186.68994140625,22.049999237060547
2010-05-01,217.29,0.2,3.42,583.0,91.823,8612.0,10210.8,0.16,9.6,2257.0400390625,1089.4100341796875,32.06999969482422
2010-06-01,217.199,0.18,3.2,536.0,91.9928,8631.0,10231.3,0.12,9.4,2109.239990234375,1030.7099609375,34.540000915527344
2010-07-01,217.605,0.18,3.01,546.0,92.3421,8642.3,10268.1,0.16,9.4,2254.699951171875,1101.5999755859375,23.5
2010-08-01,217.923,0.19,2.7,599.0,92.6805,8690.5,10307.1,0.16,9.5,2114.030029296875,1049.3299560546875,26.049999237060547
2010-09-01,218.275,0.19,2.65,594.0,92.9537,8719.6,10327.1,0.15,9.5,2368.6201171875,1141.199951171875,23.700000762939453
2010-10-01,219.035,0.19,2.54,543.0,92.6903,8769.8,10386.4,0.13,9.4,2507.409912109375,1183.260009765625,21.200000762939453
2010-11-01,219.59,0.19,2.76,545.0,92.7709,8790.3,10433.6,0.14,9.8,2498.22998046875,1180.550048828125,23.540000915527344
2010-12-01,220.472,0.18,3.29,539.0,93.6787,8822.0,10471.0,0.14,9.3,2652.8701171875,1257.6400146484375,17.75
2011-01-01,221.187,0.17,3.39,630.0,93.4814,8844.5,10514.3,0.15,9.1,2700.080078125,1286.1199951171875,19.530000686645508
2011-02-01,221.898,0.16,3.58,517.0,93.1102,8909.9,10540.6,0.13,9.0,2782.27001953125,1327.219970703125,18.350000381469727
2011-03-01,223.046,0.14,3.41,600.0,94.0788,8967.7,10619.7,0.1,9.0,2781.070068359375,1325.8299560546875,17.739999771118164
2011-04-01,224.093,0.1,3.46,554.0,93.7749,9033.6,10652.1,0.06,9.1,2873.5400390625,1363.6099853515625,14.75
2011-05-01,224.806,0.09,3.17,561.0,93.888,9109.4,10672.2,0.04,9.0,2835.300048828125,1345.199951171875,15.449999809265137
2011-06-01,224.806,0.09,3.0,608.0,94.172,9184.2,10694.8,0.04,9.1,2773.52001953125,1320.6400146484375,16.520000457763672
2011-07-01,225.395,0.07,3.0,623.0,94.636,9346.9,10731.6,0.04,9.0,2756.3798828125,1292.280029296875,25.25
2011-08-01,226.106,0.1,2.3,585.0,95.2749,9532.5,10750.3,0.02,9.0,2579.4599609375,1218.8900146484375,31.6200008392334
2011-09-01,226.597,0.08,1.98,650.0,95.1961,9553.3,10783.2,0.01,9.0,2415.39990234375,1131.4200439453125,42.959999084472656
2011-10-01,226.75,0.07,2.15,610.0,95.8568,9586.2,10802.9,0.02,8.8,2684.409912109375,1253.300048828125,29.959999084472656
2011-11-01,227.169,0.08,2.01,711.0,95.8485,9639.5,10806.8,0.01,8.6,2620.340087890625,1246.9599609375,27.799999237060547
2011-12-01,227.223,0.07,1.98,694.0,96.3571,9683.5,10817.8,0.01,8.5,2605.14990234375,1257.5999755859375,23.399999618530273
2012-01-01,227.842,0.08,1.97,723.0,96.9318,9753.3,10896.8,0.03,8.3,2813.840087890625,1312.4100341796875,19.440000534057617
2012-02-01,228.329,0.1,1.97,704.0,97.2435,9806.3,10987.2,0.09,8.3,2966.889892578125,1365.6800537109375,18.43000030517578
2012-03-01,228.807,0.13,2.17,695.0,96.74,9849.3,10993.9,0.08,8.2,3091.570068359375,1408.469970703125,15.5
2012-04-01,229.187,0.14,2.05,753.0,97.4359,9905.0,11018.5,0.08,8.2,3046.360107421875,1397.9100341796875,17.149999618530273
2012-05-01,228.713,0.16,1.8,708.0,97.6609,9951.9,11006.8,0.09,8.2,2827.340087890625,1310.3299560546875,24.059999465942383
2012-06-01,228.524,0.16,1.62,757.0,97.6663,10023.7,10989.8,0.09,8.2,2935.050048828125,1362.1600341796875,17.079999923706055
2012-07-01,228.59,0.16,1.53,740.0,97.8713,10076.0,11016.8,0.1,8.2,2939.52001953125,1379.3199462890625,18.93000030517578
2012-08-01,229.918,0.13,1.68,754.0,97.4525,10147.8,11056.0,0.1,8.1,3066.9599609375,1406.5799560546875,17.469999313354492
2012-09-01,231.015,0.14,1.72,847.0,97.381,10228.4,11105.3,0.11,7.8,3116.22998046875,1440.6700439453125,15.729999542236328
2012-10-01,231.638,0.16,1.75,915.0,97.7193,10294.4,11137.4,0.1,7.8,2977.22998046875,1412.1600341796875,18.600000381469727
2012-11-01,231.249,0.16,1.65,833.0,98.0777,10365.6,11178.4,0.09,7.7,3010.239990234375,1416.1800537109375,15.869999885559082
2012-12-01,231.221,0.16,1.72,976.0,98.3101,10485.4,11181.2,0.07,7.9,3019.510009765625,1426.18994140625,18.020000457763672
2013-01-01,231.679,0.14,1.91,888.0,98.3342,10502.3,11252.4,0.07,8.0,3142.1298828125,1498.1099853515625,14.279999732971191
2013-02-01,232.937,0.15,1.98,962.0,98.7941,10523.0,11290.5,0.1,7.7,3160.18994140625,1514.6800537109375,15.510000228881836
2013-03-01,232.282,0.14,1.96,1010.0,99.1921,10578.7,11290.1,0.09,7.5,3267.52001953125,1569.18994140625,12.699999809265137
2013-04-01,231.797,0.15,1.76,835.0,99.1065,10608.9,11281.1,0.06,7.6,3328.7900390625,1597.5699462890625,13.520000457763672
2013-05-01,231.893,0.11,1.93,930.0,99.1839,10646.5,11321.6,0.04,7.5,3455.909912109375,1630.739990234375,16.299999237060547
2013-06-01,232.445,0.09,2.3,839.0,99.3897,10705.6,11344.4,0.05,7.5,3403.25,1606.280029296875,16.860000610351562
2013-07-01,232.9,0.09,2.58,880.0,99.0814,10743.0,11372.6,0.04,7.3,3626.3701171875,1685.72998046875,13.449999809265137
2013-08-01,233.456,0.08,2.74,917.0,99.6543,10803.6,11406.6,0.04,7.2,3589.8701171875,1632.969970703125,17.010000228881836
2013-09-01,233.544,0.08,2.81,850.0,100.161,10865.8,11445.9,0.02,7.2,3771.47998046875,1681.550048828125,16.600000381469727
2013-10-01,233.669,0.09,2.62,925.0,100.082,10989.2,11498.0,0.05,7.2,3919.7099609375,1756.5400390625,13.75
2013-11-01,234.1,0.08,2.72,1100.0,100.3158,10999.8,11562.5,0.07,6.9,4059.889892578125,1805.81005859375,13.699999809265137
2013-12-01,234.719,0.09,2.9,1002.0,100.5175,11062.4,11593.2,0.07,6.7,4176.58984375,1848.3599853515625,13.720000267028809
2014-01-01,235.288,0.07,2.86,888.0,100.1599,11127.5,11578.8,0.04,6.6,4103.8798828125,1782.5899658203125,18.40999984741211
2014-02-01,235.547,0.07,2.71,944.0,100.9168,11191.9,11636.9,0.05,6.7,4308.1201171875,1859.449951171875,14.0
2014-03-01,236.028,0.08,2.72,970.0,101.8942,11228.8,11722.3,0.05,6.7,4198.990234375,1872.3399658203125,13.880000114440918
2014-04-01,236.468,0.09,2.71,1043.0,101.9928,11276.0,11762.3,0.03,6.2,4114.56005859375,1883.949951171875,13.40999984741211
2014-05-01,236.918,0.09,2.56,1007.0,102.3836,11343.1,11807.3,0.03,6.3,4242.6201171875,1923.5699462890625,11.399999618530273
2014-06-01,237.231,0.1,2.6,911.0,102.735,11398.4,11861.7,0.04,6.1,4408.18017578125,1960.22998046875,11.569999694824219
2014-07-01,237.498,0.09,2.54,1085.0,102.9632,11452.5,11904.4,0.03,6.2,4369.77001953125,1930.6700439453125,16.950000762939453
2014-08-01,237.46,0.09,2.42,984.0,102.7688,11477.8,11983.7,0.03,6.1,4580.27001953125,2003.3699951171875,12.09000015258789
2014-09-01,237.477,0.09,2.53,1023.0,103.0641,11520.7,11991.4,0.02,5.9,4493.39013671875,1972.2900390625,16.309999465942383
2014-10-01,237.43,0.09,2.3,1074.0,103.0764,11596.5,12064.7,0.02,5.7,4630.740234375,2018.050048828125,14.029999732971191
2014-11-01,236.983,0.09,2.33,1001.0,103.7126,11638.9,12083.9,0.02,5.8,4791.6298828125,2067.56005859375,13.329999923706055
2014-12-01,236.252,0.12,2.21,1073.0,103.7044,11721.2,12096.1,0.03,5.6,4736.0498046875,2058.89990234375,19.200000762939453
2015-01-01,234.747,0.11,1.88,1085.0,102.8905,11806.2,12066.7,0.03,5.7,4635.240234375,1994.989990234375,20.969999313354492
2015-02-01,235.342,0.11,1.98,886.0,102.2335,11920.7,12116.6,0.02,5.5,4963.52978515625,2104.5,13.34000015258789
2015-03-01,235.976,0.11,2.04,960.0,101.8914,11919.1,12176.1,0.03,5.4,4900.8798828125,2067.889892578125,15.289999961853027
2015-04-01,236.222,0.12,1.94,1190.0,101.3355,11953.4,12209.1,0.02,5.4,4941.419921875,2085.510009765625,14.550000190734863
2015-05-01,237.001,0.12,2.2,1079.0,100.8883,11981.9,12275.4,0.02,5.6,5070.02978515625,2107.389892578125,13.84000015258789
2015-06-01,237.657,0.13,2.36,1205.0,100.571,12020.9,12307.9,0.02,5.3,4986.8701171875,2063.110107421875,18.229999542236328
2015-07-01,238.034,0.13,2.32,1146.0,101.2228,12063.5,12364.9,0.03,5.2,5128.27978515625,2103.840087890625,12.119999885559082
2015-08-01,238.033,0.14,2.17,1130.0,101.0367,12110.1,12396.2,0.07,5.1,4776.509765625,1972.1800537109375,28.43000030517578
2015-09-01,237.498,0.14,2.17,1224.0,100.7547,12172.7,12386.4,0.02,5.0,4620.16015625,1920.030029296875,24.5
2015-10-01,237.733,0.12,2.07,1058.0,100.2675,12228.4,12394.9,0.02,5.0,5053.75,2079.360107421875,15.069999694824219
2015-11-01,238.017,0.12,2.26,1172.0,99.5298,12322.7,12423.2,0.12,5.1,5108.669921875,2080.409912109375,16.1299991607666
2015-12-01,237.761,0.24,2.24,1146.0,99.0417,12393.6,12452.0,0.23,5.0,5007.41015625,2043.93994140625,18.209999084472656
2016-01-01,237.652,0.34,2.09,1092.0,99.5607,12522.2,12478.0,0.26,4.8,4613.9501953125,1940.239990234375,20.200000762939453
2016-02-01,237.336,0.38,1.78,1225.0,99.0445,12604.4,12554.5,0.31,4.9,4557.9501953125,1932.22998046875,20.549999237060547
2016-03-01,238.08,0.36,1.89,1111.0,98.3096,12662.2,12537.0,0.29,5.0,4869.85009765625,2059.739990234375,13.949999809265137
2016-04-01,238.992,0.37,1.81,1163.0,98.6421,12741.9,12611.5,0.23,5.1,4775.35986328125,2065.300048828125,15.699999809265137
2016-05-01,239.557,0.37,1.81,1148.0,98.4184,12800.7,12652.7,0.27,4.8,4948.0498046875,2096.949951171875,14.1899995803833
2016-06-01,240.222,0.38,1.64,1203.0,98.8833,12849.3,12731.2,0.27,4.9,4842.669921875,2098.860107421875,15.630000114440918
2016-07-01,240.101,0.39,1.5,1239.0,98.9992,12907.3,12756.7,0.3,4.8,5162.1298828125,2173.60009765625,11.869999885559082
2016-08-01,240.545,0.4,1.56,1171.0,98.85,12986.7,12788.1,0.3,4.9,5213.22021484375,2170.949951171875,13.420000076293945
2016-09-01,241.176,0.4,1.63,1068.0,98.7457,13052.7,12846.6,0.29,5.0,5312.0,2168.27001953125,13.289999961853027
2016-10-01,241.741,0.4,1.76,1313.0,98.7611,13124.5,12867.0,0.33,4.9,5189.14013671875,2126.14990234375,17.059999465942383
2016-11-01,242.026,0.41,2.14,1140.0,98.3491,13214.2,12893.0,0.45,4.7,5323.68017578125,2198.81005859375,13.329999923706055
2016-12-01,242.637,0.54,2.49,1252.0,99.0214,13240.6,13005.9,0.51,4.7,5383.1201171875,2238.830078125,14.039999961853027
2017-01-01,243.618,0.65,2.43,1190.0,98.7611,13318.9,13063.7,0.51,4.7,5614.7900390625,2278.8701171875,11.989999771118164
2017-02-01,244.006,0.66,2.42,1271.0,98.3646,13395.2,13088.4,0.52,4.6,5825.43994140625,2363.639892578125,12.920000076293945
2017-03-01,243.892,0.79,2.48,1190.0,99.0137,13464.6,13139.9,0.74,4.4,5911.740234375,2362.719970703125,12.369999885559082
2017-04-01,244.193,0.9,2.3,1146.0,100.0224,13520.3,13169.2,0.8,4.4,6047.60986328125,2384.199951171875,10.819999694824219
2017-05-01,244.004,0.91,2.3,1157.0,100.1408,13567.4,13171.9,0.89,4.4,6198.52001953125,2411.800048828125,10.40999984741211
2017-06-01,244.163,1.04,2.19,1249.0,100.3471,13577.0,13225.2,0.98,4.3,6140.419921875,2423.409912109375,11.180000305175781
2017-07-01,244.243,1.15,2.32,1206.0,100.1068,13638.5,13263.3,1.07,4.3,6348.1201171875,2470.300048828125,10.260000228881836
2017-08-01,245.183,1.16,2.21,1159.0,99.6925,13695.0,13294.6,1.01,4.4,6428.66015625,2471.64990234375,10.59000015258789
2017-09-01,246.435,1.15,2.2,1181.0,99.7954,13743.0,13417.3,1.03,4.3,6495.9599609375,2519.360107421875,9.510000228881836
2017-10-01,246.626,1.15,2.36,1257.0,101.0247,13801.5,13447.5,1.07,4.2,6727.669921875,2575.260009765625,10.180000305175781
2017-11-01,247.284,1.16,2.35,1273.0,101.2664,13849.1,13540.6,1.23,4.2,6873.97021484375,2647.580078125,11.279999732971191
2017-12-01,247.805,1.3,2.4,1177.0,101.4644,13887.3,13666.1,1.32,4.1,6903.39013671875,2673.610107421875,11.039999961853027
2018-01-01,248.859,1.41,2.58,1299.0,101.4625,13902.4,13703.3,1.41,4.0,7411.47998046875,2823.81005859375,13.539999961853027
2018-02-01,249.529,1.42,2.86,1277.0,101.7085,13949.8,13738.7,1.57,4.1,7273.009765625,2713.830078125,19.850000381469727
2018-03-01,249.577,1.51,2.84,1318.0,102.2067,14014.5,13793.2,1.7,4.0,7063.4501953125,2640.8701171875,19.969999313354492
2018-04-01,250.227,1.69,2.87,1276.0,103.3329,14034.8,13838.4,1.76,4.0,7066.27001953125,2648.050048828125,15.930000305175781
2018-05-01,250.792,1.7,2.98,1357.0,102.4024,14091.0,13905.0,1.86,3.8,7442.1201171875,2705.27001953125,15.430000305175781
2018-06-01,251.018,1.82,2.91,1192.0,103.198,14133.2,13930.4,1.9,4.0,7510.2998046875,2718.3701171875,16.09000015258789
2018-07-01,251.214,1.91,2.89,1208.0,103.3646,14170.0,13974.8,1.96,3.8,7671.7900390625,2816.2900390625,12.829999923706055
2018-08-01,251.663,1.91,2.89,1288.0,104.0327,14221.3,14014.0,2.03,3.8,8109.5400390625,2901.52001953125,12.859999656677246
2018-09-01,252.182,1.95,3.0,1250.0,104.1004,14243.9,14017.8,2.13,3.7,8046.35009765625,2913.97998046875,12.119999885559082
2018-10-01,252.772,2.19,3.15,1221.0,103.9856,14257.6,14083.1,2.25,3.8,7305.89990234375,2711.739990234375,21.229999542236328
2018-11-01,252.594,2.2,3.12,1181.0,104.0681,14288.4,14162.9,2.33,3.8,7330.5400390625,2760.169921875,18.06999969482422
2018-12-01,252.767,2.27,2.83,1095.0,104.0936,14392.0,14051.6,2.37,3.9,6635.27978515625,2506.85009765625,25.420000076293945
2019-01-01,252.561,2.4,2.71,1226.0,103.4021,14460.2,14084.6,2.37,4.0,7281.740234375,2704.10009765625,16.56999969482422
2019-02-01,253.319,2.4,2.68,1121.0,102.8371,14506.6,14117.4,2.39,3.8,7532.52978515625,2784.489990234375,14.779999732971191
2019-03-01,254.277,2.41,2.57,1191.0,102.8757,14559.5,14248.6,2.4,3.8,7729.31982421875,2834.39990234375,13.710000038146973
2019-04-01,255.233,2.42,2.53,1272.0,102.274,14594.0,14290.0,2.38,3.7,8095.39013671875,2945.830078125,13.119999885559082
2019-05-01,255.296,2.39,2.4,1293.0,102.392,14703.2,14353.3,2.35,3.6,7453.14990234375,2752.06005859375,18.709999084472656
2019-06-01,255.213,2.38,2.07,1243.0,102.4375,14798.8,14408.7,2.17,3.6,8006.240234375,2941.760009765625,15.079999923706055
2019-07-01,255.802,2.4,2.06,1240.0,101.9408,14882.7,14496.0,2.1,3.7,8175.419921875,2980.3798828125,16.1200008392334
2019-08-01,256.036,2.13,1.63,1375.0,102.639,14974.4,14558.2,1.95,3.6,7962.8798828125,2926.4599609375,18.979999542236328
2019-09-01,256.43,2.04,1.7,1311.0,102.2917,15047.2,14590.6,1.89,3.5,7999.33984375,2976.739990234375,16.239999771118164
2019-10-01,257.155,1.83,1.71,1325.0,101.4281,15185.6,14617.4,1.65,3.6,8292.3603515625,3037.56005859375,13.220000267028809
2019-11-01,257.879,1.55,1.81,1353.0,101.9372,15301.3,14711.0,1.54,3.6,8665.4697265625,3140.97998046875,12.619999885559082
2019-12-01,258.63,1.55,1.86,1548.0,101.7003,15351.5,14774.8,1.54,3.6,8972.599609375,3230.780029296875,13.779999732971191
2020-01-01,259.127,1.55,1.76,1581.0,101.0338,15425.0,14868.3,1.52,3.6,9150.9404296875,3225.52001953125,18.84000015258789
2020-02-01,259.25,1.58,1.5,1549.0,101.3735,15492.8,14828.1,1.52,3.5,8567.3701171875,2954.219970703125,40.11000061035156
2020-03-01,258.076,0.65,0.87,1266.0,97.4078,16034.4,13812.8,0.29,4.4,7700.10009765625,2584.590087890625,53.540000915527344
2020-04-01,256.032,0.05,0.66,936.0,84.5619,17064.0,12249.2,0.14,14.8,8889.5498046875,2912.429931640625,34.150001525878906
2020-05-01,255.802,0.05,0.67,1039.0,85.9604,17931.9,13281.5,0.13,13.2,9489.8701171875,3044.31005859375,27.510000228881836
2020-06-01,257.042,0.08,0.73,1266.0,91.5934,18180.0,14049.2,0.16,11.0,10058.76953125,3100.2900390625,30.43000030517578
2020-07-01,258.352,0.09,0.62,1526.0,95.0256,18331.4,14307.2,0.13,10.2,10745.26953125,3271.1201171875,24.459999084472656
2020-08-01,259.316,0.1,0.65,1396.0,95.9549,18413.3,14462.2,0.1,8.4,11775.4599609375,3500.31005859375,26.40999984741211
2020-09-01,259.997,0.09,0.68,1473.0,95.9669,18605.0,14668.1,0.11,7.8,11167.509765625,3363.0,26.3700008392334
2020-10-01,260.319,0.09,0.79,1543.0,96.7394,18759.9,14725.8,0.1,6.9,10911.58984375,3269.9599609375,38.02000045776367
2020-11-01,260.911,0.09,0.87,1543.0,97.0816,19002.4,14701.6,0.09,6.7,12198.740234375,3621.6298828125,20.56999969482422
2020-12-01,262.045,0.09,0.93,1614.0,98.363,19119.4,14822.0,0.09,6.7,12888.2802734375,3756.070068359375,22.75
2021-01-01,262.687,0.09,1.08,1624.0,98.8822,19375.3,15073.0,0.08,6.4,13070.6904296875,3714.239990234375,33.09000015258789
2021-02-01,263.579,0.08,1.26,1398.0,95.6149,19641.4,14983.5,0.04,6.2,13192.349609375,3811.14990234375,27.950000762939453
2021-03-01,264.961,0.07,1.61,1688.0,98.3856,19874.5,15709.7,0.03,6.1,13246.8701171875,3972.889892578125,19.399999618530273
2021-04-01,266.614,0.07,1.64,1489.0,98.5587,20174.1,15917.5,0.02,6.1,13962.6796875,4181.169921875,18.610000610351562
2021-05-01,268.383,0.06,1.62,1600.0,99.4333,20457.2,15973.5,0.02,5.8,13748.740234375,4204.10986328125,16.760000228881836
2021-06-01,270.654,0.08,1.52,1664.0,99.7987,20472.1,16191.7,0.04,5.9,14503.9501953125,4297.5,15.829999923706055
2021-07-01,271.903,0.1,1.32,1600.0,100.2519,20629.1,16239.7,0.05,5.4,14672.6796875,4395.259765625,18.239999771118164
2021-08-01,272.676,0.09,1.28,1596.0,100.0437,20843.2,16412.9,0.05,5.1,15259.240234375,4522.68017578125,16.479999542236328
2021-09-01,273.91,0.08,1.37,1576.0,98.8579,20984.5,16489.6,0.04,4.7,14448.580078125,4307.5400390625,23.139999389648438
2021-10-01,276.55,0.08,1.58,1587.0,100.1861,21163.3,16704.2,0.05,4.5,15498.3896484375,4605.3798828125,16.260000228881836
2021-11-01,278.919,0.08,1.56,1707.0,100.8654,21340.1,16849.8,0.05,4.1,15537.6904296875,4567.0,27.190000534057617
2021-12-01,280.845,0.08,1.47,1711.0,100.5726,21502.0,16891.0,0.06,3.9,15644.9697265625,4766.18017578125,17.219999313354492
2022-01-01,282.543,0.08,1.76,1693.0,100.1856,21646.4,16993.8,0.15,4.0,14239.8798828125,4515.5498046875,24.829999923706055
2022-02-01,284.5,0.08,1.93,1730.0,100.8064,21724.7,17106.0,0.33,3.9,13751.400390625,4373.93994140625,30.149999618530273
2022-03-01,287.674,0.2,2.13,1700.0,101.3907,21787.2,17347.2,0.44,3.7,14220.51953125,4530.41015625,20.559999465942383
2022-04-01,288.561,0.33,2.75,1807.0,101.44,21767.6,17490.0,0.76,3.7,12334.6396484375,4131.93017578125,33.400001525878906
2022-05-01,291.298,0.77,2.9,1546.0,101.3335,21717.4,17574.5,0.98,3.6,12081.3896484375,4132.14990234375,26.190000534057617
2022-06-01,294.957,1.21,3.14,1556.0,101.018,21646.7,17755.2,1.49,3.6,11028.740234375,3785.3798828125,28.709999084472656
2022-07-01,294.913,1.68,2.9,1382.0,101.223,21649.2,17770.1,2.23,3.5,12390.6904296875,4130.2900390625,21.329999923706055
2022-08-01,295.097,2.33,2.9,1532.0,101.0963,21641.9,17916.5,2.63,3.6,11816.2001953125,3955.0,25.8700008392334
2022-09-01,296.349,2.56,3.52,1481.0,101.2918,21541.3,17992.8,3.13,3.5,10575.6201171875,3585.6201171875,31.6200008392334
2022-10-01,298.007,3.08,3.98,1446.0,101.2529,21464.1,18109.6,3.72,3.6,10988.150390625,3871.97998046875,25.8799991607666
2022-11-01,298.786,3.78,3.89,1434.0,100.9552,21409.4,18108.0,4.15,3.6,11468.0,4080.110107421875,20.579999923706055
2022-12-01,298.832,4.1,3.62,1296.0,99.7664,21293.1,18116.5,4.25,3.5,10466.48046875,3839.5,21.670000076293945
2023-01-01,300.42,4.33,3.53,1358.0,100.505,21274.0,18449.1,4.54,3.5,11584.5498046875,4076.60009765625,19.399999618530273
2023-02-01,301.45,4.57,3.75,1395.0,100.6416,21240.2,18491.6,4.65,3.6,11455.5400390625,3970.14990234375,20.700000762939453
2023-03-01,301.821,4.65,3.66,1366.0,101.0205,20942.3,18520.4,4.69,3.5,12221.91015625,4109.31005859375,18.700000762939453
2023-04-01,302.845,4.83,3.46,1343.0,101.253,20758.3,18641.8,4.92,3.4,12226.580078125,4169.47998046875,15.779999732971191
2023-05-01,303.334,5.06,3.57,1609.0,100.9286,20829.6,18664.6,5.14,3.6,12935.2900390625,4179.830078125,17.940000534057617
2023-06-01,304.014,5.08,3.75,1420.0,100.1196,20798.9,18773.0,5.16,3.6,13787.919921875,4450.3798828125,13.59000015258789
2023-07-01,304.609,5.12,3.9,1464.0,100.9067,20792.2,18884.2,5.25,3.5,14346.01953125,4588.9599609375,13.630000114440918
2023-08-01,306.082,5.33,4.17,1321.0,100.8393,20782.0,18953.3,5.3,3.7,14034.9697265625,4507.66015625,13.569999694824219
2023-09-01,307.276,5.33,4.38,1369.0,101.0211,20753.6,19048.1,5.32,3.7,13219.3203125,4288.0498046875,17.520000457763672
2023-10-01,307.696,5.33,4.8,1380.0,100.4689,20737.5,19109.4,5.34,3.9,12851.240234375,4193.7998046875,18.139999389648438
2023-11-01,308.148,5.33,4.5,1522.0,100.8639,20749.7,19178.9,5.27,3.7,14226.2197265625,4567.7998046875,12.920000076293945
2023-12-01,308.741,5.33,4.02,1504.0,100.6031,20779.9,19283.5,5.24,3.8,15011.349609375,4769.830078125,12.449999809265137
2024-01-01,309.698,5.33,4.06,1378.0,99.2223,20835.5,19303.3,5.22,3.7,15164.009765625,4845.64990234375,14.350000381469727
2024-02-01,310.967,5.33,4.21,1555.0,100.285,20921.7,19446.5,5.24,3.9,16091.919921875,5096.27001953125,13.399999618530273
2024-03-01,312.345,5.33,4.21,1297.0,100.4575,20965.9,19581.8,5.24,3.9,16379.4599609375,5254.35009765625,13.010000228881836
2024-04-01,313.023,5.33,4.54,1379.0,100.2434,20955.5,19665.7,5.24,3.9,15657.8203125,5035.68994140625,15.649999618530273
2024-05-01,313.175,5.33,4.48,1329.0,100.863,21021.7,19758.0,5.25,3.9,16735.01953125,5277.509765625,12.920000076293945
2024-06-01,313.044,5.33,4.31,1318.0,100.894,21070.7,19844.5,5.24,4.1,17732.599609375,5460.47998046875,12.4399995803833
2024-07-01,313.569,5.33,4.25,1269.0,99.9757,21098.8,19949.5,5.2,4.2,17599.400390625,5522.2998046875,16.360000610351562
2024-08-01,314.062,5.33,3.87,1394.0,100.4309,21191.9,20001.3,5.05,4.2,17713.619140625,5648.39990234375,15.0
2024-09-01,314.732,5.13,3.72,1357.0,99.8084,21275.5,20147.6,4.72,4.1,18189.169921875,5762.47998046875,16.729999542236328
2024-10-01,315.631,4.83,4.1,1370.0,99.4695,21336.7,20226.0,4.51,4.1,18095.150390625,5705.4501953125,23.15999984741211
2024-11-01,316.528,4.64,4.36,1300.0,99.2925,21454.8,20313.6,4.42,4.2,19218.169921875,6032.3798828125,13.510000228881836
2024-12-01,317.604,4.48,4.39,1494.0,100.3273,21487.6,20514.3,4.27,4.1,19310.7890625,5881.6298828125,17.350000381469727
2025-01-01,318.961,4.33,4.63,1353.0,100.0647,21539.2,20462.2,4.21,4.0,19627.439453125,6040.52978515625,16.43000030517578
2025-02-01,319.679,4.33,4.45,1491.0,101.0993,21607.2,20519.8,4.22,4.2,18847.279296875,5954.5,19.6299991607666
2025-03-01,319.785,4.33,4.28,1346.0,101.0404,21684.1,20683.0,4.2,4.2,17299.2890625,5611.85009765625,22.280000686645508
2025-04-01,320.302,4.33,4.28,1400.0,101.1279,21770.9,20746.4,4.21,4.2,17446.33984375,5569.06005859375,24.700000762939453
2025-05-01,320.62,4.33,4.42,1289.0,100.9655,21836.2,20755.0,4.25,4.3,19113.76953125,5911.68994140625,18.56999969482422
2025-06-01,321.435,4.33,4.38,1379.0,101.4785,21942.7,20868.4,4.23,4.1,20369.73046875,6204.9501953125,16.729999542236328
2025-07-01,322.169,4.33,4.39,1432.0,101.894,22025.5,21007.3,4.25,4.3,21122.44921875,6339.39013671875,16.719999313354492
2025-08-01,323.291,4.33,4.26,1291.0,101.6247,22092.5,21123.8,4.12,4.3,21455.55078125,6460.259765625,15.359999656677246
2025-09-01,324.245,4.22,4.12,1319.0,101.668,22176.1,21202.4,3.92,4.4,22660.009765625,6688.4599609375,16.280000686645508
2025-10-01,,4.09,4.06,1273.0,101.2195,22249.8,21288.1,3.82,,23724.9609375,6840.2001953125,17.440000534057617
2025-11-01,325.063,3.88,4.09,1319.0,101.0344,22279.8,21356.0,3.78,4.5,23365.689453125,6849.08984375,16.350000381469727
2025-12-01,326.031,3.72,4.14,1378.0,101.4941,22355.3,21445.9,3.59,4.4,23241.990234375,6845.5,14.949999809265137
