Date,Inflation,IndustrialProductionGrowth,MoneySupplyGrowth,SP500_Return,NASDAQ_Return,VIX_Change,Unemployment_Change,FedFunds,YieldCurveSpread,Regime,RegimeProb_0,RegimeProb_1,RegimeProb_2,RegimeProb_3,RegimeProb_4,RegimeProb_5,Confidence,Entropy
2010-11-01,1.084544776600338,5.39500875348351,0.2337567561403908,-0.2290249746576655,-0.366112122166029,11.037736171587964,0.4000000000000003,0.19,2.62,4,6.506135993182955e-90,6.600035307042926e-12,0.0,2.159444439287049e-38,0.9999999999934062,6.843791646146635e-35,0.9999999999934062,1.7457369294281114e-10
2010-12-01,1.437793022217937,5.996200467756596,0.3606247795866046,6.530004034715509,6.189988028633553,-24.596434538403823,-0.5,0.18,3.15,4,8.985561176417054e-79,1.246169817008601e-12,0.0,2.2517785057766208e-30,0.9999999999988632,2.121540939588353e-45,0.9999999999988632,3.3561401434540593e-11
2011-01-01,1.7007834915029774,4.632504538708293,0.2550442076626691,2.2645574359139164,1.7795805618840754,10.0281728825099,-0.200000000000001,0.17,3.24,4,4.191969219435581e-70,2.8780418013867065e-08,0.0,1.1679979240840628e-24,0.9999999712194954,9.311762474851348e-40,0.9999999712194954,5.285093246732867e-07
2011-02-01,2.124898173333145,3.827364378514675,0.7394425914410085,3.195656372809341,3.0439816238089,-6.041988037320745,-0.0999999999999996,0.16,3.45,4,3.12507544685841e-64,1.464304959572889e-06,0.0,9.290458665073416e-20,0.9999985356950482,2.8106409263392232e-42,0.9999985356950482,2.113596485897743e-05
2011-03-01,2.619241510354109,4.193025357503588,0.6487165961458707,-0.1047312939166489,-0.0431284944829801,-3.3242539382590697,0.0,0.14,3.31,4,6.016979868821859e-59,2.1455301131805767e-06,0.0,1.9483831738723281e-19,0.9999978544699668,7.708020438649607e-40,0.9999978544699668,3.014925059388565e-05
2011-04-01,3.0772344447868694,3.505332834432129,0.7348595515014988,2.8495380666536008,3.3249780994434097,-16.85456487990531,0.0999999999999996,0.1,3.4,4,6.319793461565762e-59,9.114737786462776e-07,0.0,1.1301183783537336e-17,0.9999990885261985,9.245083993448876e-48,0.9999990885261985,1.3588433738645992e-05
2011-05-01,3.4589718808965,2.248891889831528,0.83908962097059,-1.350095289522324,-1.3307623946263505,4.745761418746697,-0.0999999999999996,0.09,3.13,4,6.660869388779869e-61,6.925521565576394e-08,0.0,1.1289265374641002e-17,0.9999999307447094,8.56574594570772e-44,0.9999999307447094,1.2109578870327496e-06
2011-06-01,3.502318150636041,2.3688810428642126,0.8211298219421792,-1.8257461652479323,-2.1789591307068035,6.925570625941835,0.0999999999999996,0.09,2.96,4,1.5609600601743893e-65,1.632502666939342e-08,0.0,1.6970603168079461e-22,0.999999983675025,3.141021497007963e-39,0.999999983675025,3.090399517270352e-07
2011-07-01,3.5798809769996165,2.484132372991299,1.7715206550379836,-2.147442530666621,-0.617992175937021,52.84503208432789,-0.0999999999999996,0.07,2.96,4,7.816865237438123e-73,3.755010353069726e-13,0.0,3.5768208495148254e-27,0.9999999999995453,4.152955670748357e-45,0.9999999999995453,9.710418976550888e-12
2011-08-01,3.75499603070808,2.7992943499441703,1.985685093453449,-5.679110795232889,-6.4185609167368485,25.227726095973857,0.0,0.1,2.28,4,1.1413671725535455e-76,1.9293487049411052e-16,0.0,2.436395267383144e-22,1.0,1.0091135755767191e-32,1.0,-9.947579435894845e-13
2011-09-01,3.812621692818685,2.412383799676609,0.2182008916863376,-7.176198808089652,-6.360248310817851,35.86337110772255,0.0,0.08,1.97,4,7.717033895990214e-67,3.544573310968361e-09,0.0,5.163781797612413e-21,0.9999999964554718,2.48430463137757e-32,0.9999999964554718,7.251229726270405e-08
2011-10-01,3.5222681306640524,3.4162150732061747,0.3443836161326707,10.772303843744147,11.137286604367036,-30.26070827990004,-0.1999999999999993,0.07,2.13,4,5.031164457993607e-67,1.121785885159226e-08,0.0,1.148129810047299e-23,0.999999988782065,1.729937730002127e-38,0.999999988782065,2.165673532870436e-07
2011-11-01,3.451432214581729,3.317419578768788,0.556007594250052,-0.5058715107011391,-2.38673773069199,-7.209612528097741,-0.200000000000001,0.08,2.0,4,4.1503515232797966e-68,4.0962591602108935e-09,0.0,1.2581708331461723e-23,0.999999995903636,4.656979713333969e-33,0.999999995903636,8.320620260333708e-08
2011-12-01,3.062066838419386,2.859134467066693,0.4564552103324848,0.8532763666636134,-0.5797028262504278,-15.827337191666423,-0.0999999999999996,0.07,1.97,4,2.7099220839923697e-69,7.904836707093733e-08,0.0,1.666359167174653e-23,0.999999920951726,6.726720190587023e-32,0.999999920951726,1.3717404962270962e-06
2012-01-01,3.0087663379855023,3.691001632410296,0.7208137553570415,4.358306270498535,8.010678593163668,-16.923073286448986,-0.1999999999999993,0.08,1.94,4,2.0098185369134312e-73,1.0141618051547923e-06,0.0,5.841983691404372e-25,0.9999989858382063,1.046614151485816e-37,0.9999989858382063,1.501106079254904e-05
2012-02-01,2.898178442347388,4.439148449901298,0.5434058216193582,4.058946376811723,5.439179196648403,-5.195474285673917,0.0,0.1,1.88,4,1.446780262247118e-74,1.6634798650940377e-07,0.0,1.212865395811575e-26,0.9999998336520688,1.765711524043805e-33,0.9999998336520688,2.7629022367316183e-06
2012-03-01,2.5828752813320977,2.8286925428470555,0.4384936214474333,3.133231453144192,4.20238634716934,-15.897993796304688,-0.1000000000000014,0.13,2.09,4,2.628780349920192e-76,1.7834174830615864e-06,0.0,4.4818683760640715e-25,0.9999982165825244,4.848356075597338e-35,0.9999982165825244,2.539047383520176e-05
2012-04-01,2.2731633741348567,3.9040297563633697,0.5655224229133005,-0.7497452372495994,-1.4623624869512295,10.645158829227563,0.0,0.14,1.97,4,4.8387341641557674e-82,2.6288558014404854e-07,0.0,1.4437274439605848e-28,0.9999997371144564,7.203708925617659e-28,0.9999997371144564,4.246006720723401e-06
2012-05-01,1.7379429374660749,4.0185114178595605,0.4734982332155413,-6.265072571454367,-7.189564326215059,40.29154519598925,0.0,0.16,1.71,4,5.467400209541232e-86,1.117403095447892e-07,0.0,5.89192435482304e-35,0.9999998882597144,1.3076885255822694e-28,0.9999998882597144,1.900375283341336e-06
2012-06-01,1.653870448297634,3.7105509068513065,0.7214702720083732,3.955498222833631,3.8095863104271377,-29.01080505889752,0.0,0.16,1.53,4,1.0663348615112265e-91,3.796780548488424e-08,0.0,4.900986622427439e-34,0.9999999620322348,3.223653336551449e-34,0.9999999620322348,6.86703707903602e-07
2012-07-01,1.4175114798464783,3.418677881567289,0.5217634206929445,1.259757420478791,0.1522962344342238,10.831384014832658,0.0,0.16,1.43,4,2.58972324326914e-88,9.870300411951665e-08,0.0,4.447850518609155e-36,0.9999999012970924,4.678753508528726e-34,0.9999999012970924,1.6908939125041251e-06
2012-08-01,1.6859349154821237,2.285596731143258,0.7125843588725589,1.9763369506085704,4.335399676120333,-7.712630577306967,-0.0999999999999996,0.13,1.5799999999999998,4,5.098770414738932e-87,2.7965450829278717e-06,0.0,3.606544405993152e-32,0.9999972034548132,3.746113073949422e-38,0.9999972034548132,3.855631306184706e-05
2012-09-01,1.9497168982819613,2.2951570495009843,0.7942608250063987,2.423615361777532,1.6064774290757144,-9.959930392144123,-0.2999999999999998,0.14,1.61,4,3.107481150456099e-80,1.0816177576655943e-07,0.0,2.8583728297212475e-30,0.9999998918381212,2.1437078335570144e-32,0.9999998918381212,1.8430355809138813e-06
2012-10-01,2.1556780595369363,1.9430024786973863,0.6452622110985073,-1.9789409716293949,-4.460518025665461,18.24539683886965,0.0,0.16,1.65,4,1.7648862517211842e-81,3.0384021720240937e-06,0.0,2.2612723481443692e-28,0.9999969615979128,1.7221593440403473e-30,0.9999969615979128,4.163879987633088e-05
2012-11-01,1.7960197033926262,2.3257536633332743,0.6916381722101406,0.2846716685042771,1.1087490715254722,-14.677421720003892,-0.0999999999999996,0.16,1.5599999999999998,4,2.2604643163269794e-80,1.7230611440460315e-06,0.0,8.226838150676391e-31,0.9999982769387608,7.015788444823868e-30,0.9999982769387608,2.4590505402833977e-05
2012-12-01,1.7595049796895523,2.0268355938483085,1.155745928841556,0.7068230956284616,0.3079495176903979,13.547577742334994,0.2000000000000001,0.16,1.65,4,5.633571379052563e-82,1.3531581283719081e-08,0.0,8.58364443883533e-32,0.9999999864683105,8.276998563658517e-31,0.9999999864683105,2.586981204211872e-07
2013-01-01,1.684061762098299,1.446790423782485,0.1611764930284032,5.0428096466868855,4.060919574709176,-20.75472047605389,0.0999999999999996,0.14,1.84,4,5.289494340201439e-81,5.020487050530486e-06,0.0,4.876525910171125e-28,0.9999949795129458,1.92386309114288e-32,0.9999949795129458,6.628037314102543e-05
2013-02-01,2.0181404902574807,1.594553877637073,0.1970996829266047,1.1060648765041536,0.5747712305763875,8.613449011982045,-0.2999999999999998,0.15,1.88,4,3.587084199449444e-78,1.7389675843277657e-06,0.0,3.065055717632274e-28,0.9999982610324082,5.762465588933341e-29,0.9999982610324082,2.4801532953049804e-05
2013-03-01,1.5187472411246183,2.534732272069462,0.5293167347714567,3.5987723982872977,3.3963173136751124,-18.11734608735902,-0.2000000000000001,0.14,1.87,4,1.2683219618977314e-80,3.131558955724331e-07,0.0,3.0104142954684822e-30,0.9999996868441976,5.9992635279173264e-30,0.9999996868441976,5.003153285081406e-06
2013-04-01,1.138808047576867,1.7145631127746477,0.2854793122028187,1.8085767779890016,1.8751230035321864,6.456698116643378,0.0999999999999996,0.15,1.7,4,2.3307192339433867e-82,9.500819776435836e-07,0.0,4.525461941011704e-33,0.9999990499179569,2.6400298659883297e-30,0.9999990499179569,1.412459803830176e-05
2013-05-01,1.3903888279197083,1.5594777439077443,0.3544194025770775,2.0762811683057825,3.818801172653008,20.56212045244792,-0.0999999999999996,0.11,1.89,4,9.774658703235588e-80,1.0395649080283349e-06,0.0,3.4038661094635304e-30,0.999998960435136,1.226077260015109e-33,0.999998960435136,1.5361344810194836e-05
2013-06-01,1.7157935271568725,1.7645800035426706,0.5551120086413341,-1.4999301595580827,-1.5237640288265797,3.43559140799079,0.0,0.09,2.25,4,1.801553516514588e-74,6.118627914639802e-06,0.0,1.2540942798043356e-25,0.9999938813721944,1.8726312114242867e-34,0.9999938813721944,7.956767316042568e-05
2013-07-01,1.885471805415806,1.2364196654177428,0.349349872963689,4.946207991308538,6.556089537574383,-20.225389547096352,-0.2000000000000001,0.09,2.54,4,2.7960841435448405e-72,5.4418114846961085e-06,0.0,1.9374284475565396e-23,0.999994558188546,5.557155260162341e-36,0.999994558188546,7.140416053638233e-05
2013-08-01,1.538809488600279,2.2593571227008,0.5640882435073991,-3.1298019479343964,-1.0065161255053634,26.46840498216488,-0.0999999999999996,0.08,2.7,4,6.806274442438685e-74,2.148376697936561e-06,0.0,2.6241795574238744e-26,0.9999978516232544,4.843311926078857e-31,0.9999978516232544,3.01864028047212e-05
2013-09-01,1.0947341081747997,2.854766330187619,0.5757340145877254,2.974952325919533,5.058953593104731,-2.4103459253101978,0.0,0.08,2.79,4,1.82912340120808e-77,1.1056335407836024e-07,0.0,2.2591821406613293e-29,0.9999998894366006,1.0465179146673552e-33,0.9999998894366006,1.881529502516184e-06
2013-10-01,0.8767991434911471,2.4178437626957816,1.1356733972648358,4.459575276194472,3.930286816750561,-17.168676602267606,0.0,0.09,2.5700000000000003,4,5.856455229895781e-77,4.328307199516501e-09,0.0,9.836654660390688e-31,0.9999999956717148,1.628894137009556e-31,0.9999999956717148,8.76812120596065e-08
2013-11-01,1.2328701961954458,2.281966236973343,0.0964583409165165,2.8049471367328715,3.576283271915792,-0.3636377507990063,-0.2999999999999998,0.08,2.6500000000000004,4,6.151002359691505e-76,1.0037734128939685e-08,0.0,6.604049263347141e-29,0.9999999899623616,4.396867552410857e-35,0.9999999899623616,1.9489972884675758e-07
2013-12-01,1.5128383667573295,2.245344069429267,0.5691012563864728,2.3562791975445974,2.87446098932913,0.1459887448330254,-0.2000000000000001,0.09,2.83,4,1.603688828320725e-73,4.185608210880201e-07,0.0,8.613098331812286e-25,0.9999995814392572,1.795625123189703e-37,0.9999995814392572,6.565728558408054e-06
2014-01-01,1.557758795574915,1.856627704298197,0.5884798958634585,-3.5582905955811595,-1.7408930169742654,34.183669745649084,-0.1000000000000005,0.07,2.82,4,4.05225621715522e-72,2.796723484745476e-06,0.0,1.1843939428665327e-24,0.9999972032765528,2.878564458458876e-33,0.9999972032765528,3.855859416073197e-05
2014-02-01,1.1204746347724948,2.148610089064018,0.5787463491350175,4.31170301781616,4.976759559420363,-23.95437199328397,0.1000000000000005,0.07,2.66,4,1.6848487754317762e-72,6.453173065542164e-07,0.0,8.177405229679621e-26,0.9999993546827944,2.9882956229175702e-31,0.9999993546827944,9.84336051582164e-06
2014-03-01,1.6126949139408042,2.724108069090181,0.3297027314397072,0.6932165418227054,-2.5331207079654083,-0.8571420397077256,0.0,0.08,2.6700000000000004,4,1.402292094040488e-72,6.3513787785669545e-06,0.0,8.354074590068604e-27,0.9999936486212184,1.180658061190561e-30,0.9999936486212184,8.235728158440671e-05
2014-04-01,2.015125303606169,2.9123215934373725,0.4203476774009784,0.6200789153414155,-2.0107256999566947,-3.386169042893705,-0.5,0.09,2.68,4,2.8863844896341003e-69,7.367930599076649e-09,0.0,3.2535978810135337e-26,0.999999992631956,2.226453504996552e-32,0.999999992631956,1.4533886256211632e-07
2014-05-01,2.166947687079812,3.226027611336124,0.5950691734657676,2.103028007328045,3.1123633333843603,-14.98881619502578,0.0999999999999996,0.09,2.53,4,1.7246320737768457e-74,1.1284698806588344e-06,0.0,2.42471172299805e-24,0.9999988715300788,1.273392103680409e-36,0.9999988715300788,1.6582465000561854e-05
2014-06-01,2.0589816945944195,3.365841732090935,0.4875210480379977,1.9058331749470137,3.902306924040655,1.4912287893204867,-0.2000000000000001,0.1,2.56,4,4.8859238315694266e-74,6.124764181990294e-07,0.0,1.20387515763993e-26,0.9999993875234906,5.074442170374309e-35,0.9999993875234906,9.374412146534171e-06
2014-07-01,1.9742378703305967,3.9177888079901857,0.4746280179674267,-1.5079830845342368,-0.8713381649195551,46.49957830614247,0.1000000000000005,0.09,2.51,4,4.681826339217711e-78,6.573320739107783e-08,0.0,8.352874488508255e-29,0.9999999342667272,4.629001916939812e-32,0.9999999342667272,1.1528048102603164e-06
2014-08-01,1.7150983482969062,3.1253041765382905,0.2209124645273785,3.765529557982528,4.817187153079972,-28.67256868198952,-0.1000000000000005,0.09,2.39,4,3.300477586650643e-79,4.342088697064076e-07,0.0,3.208340317628137e-28,0.99999956579118,5.769395392124227e-37,0.99999956579118,6.795253838552172e-06
2014-09-01,1.6840509711232077,2.89843352202952,0.3737650072313636,-1.5513837249453988,-1.896828842885368,34.90487394618596,-0.1999999999999993,0.09,2.51,4,3.806807983476136e-79,6.272164753414627e-08,0.0,4.7361959412136576e-29,0.9999999372782916,3.65109508425939e-32,0.9999999372782916,1.1029305827797064e-06
2014-10-01,1.6095417021513292,2.9919466037849007,0.6579461317454571,2.320146066720308,3.0567142731244834,-13.97915271384379,-0.2000000000000001,0.09,2.28,4,1.7173323101460852e-80,1.7436031532069698e-07,0.0,4.742183898920807e-30,0.9999998256396492,8.734133909947308e-35,0.9999998256396492,2.887778304706161e-06
2014-11-01,1.231524989320798,3.38610667511996,0.3656275600396608,2.453358864631494,3.4743829343563792,-4.989307359857609,0.0999999999999996,0.09,2.31,4,8.959291562767896e-93,5.0930852241024794e-08,0.0,1.2624550123719818e-31,0.9999999490692076,4.9734305190027785e-33,0.9999999490692076,9.062002520237e-07
2014-12-01,0.6531213919623191,3.170492700276073,0.7071114967909464,-0.4188587515997044,-1.1599409696555374,44.036015550114094,-0.2000000000000001,0.12,2.18,4,2.231429703197213e-98,1.5480450852257253e-12,0.0,2.7917556007418365e-41,0.9999999999984084,1.2624256749737575e-31,0.9999999999984084,4.1917776802100346e-11
2015-01-01,-0.2299309782054281,2.7262407410550527,0.7251817220079948,-3.1040805838410623,-2.128558069907205,9.218742083758414,0.1000000000000005,0.11,1.85,4,1.098912399038645e-97,2.053031249993279e-12,0.0,2.2095259270070852e-45,0.9999999999979536,1.7488248408397763e-39,0.9999999999979536,5.548227509033471e-11
2015-02-01,-0.0870314629352053,1.30473816054415,0.9698294116650574,5.48925108906233,7.082471116527045,-36.38530954031803,-0.2000000000000001,0.11,1.96,4,6.096634527830644e-98,5.611160410724551e-11,0.0,1.3813914399961638e-37,0.9999999999438388,3.8170041048207024e-46,0.9999999999438388,1.3786103885224163e-09
2015-03-01,-0.0220312844238734,-0.002747948362114,-0.0134220305854526,-1.7396107114219572,-1.2622046216204552,14.617689557423642,-0.0999999999999996,0.11,2.01,4,1.1565282449070926e-96,1.635773754812919e-09,0.0,1.1172731303229764e-35,0.9999999983642738,1.378679512067398e-37,0.9999999983642738,3.4727310583583145e-08
2015-04-01,-0.1040309893939106,-0.6444572558062966,0.2877734057101566,0.8520819822535275,0.8271991975292936,-4.839763067131376,0.0,0.12,1.92,4,8.786036599979346e-87,2.993145319353894e-08,0.0,1.7042232900280606e-34,0.9999999700685298,9.125251627781784e-36,0.9999999700685298,5.484726194024264e-07
2015-05-01,0.0350332182442958,-1.460487812501221,0.2384258871952704,1.0491382304589791,2.6026904273387386,-4.879725284121205,0.1999999999999993,0.12,2.18,4,6.633863271504811e-91,5.464768747731765e-08,0.0,7.854394538707299e-29,0.9999999453523302,1.6775028508180323e-34,0.9999999453523302,9.684839135191127e-07
2015-06-01,0.1795718097550525,-2.106390227283794,0.3254909488478397,-2.1011671979729973,-1.6402205015090932,31.71964841942265,-0.2999999999999998,0.13,2.34,4,5.123650078293193e-87,1.1780462777396314e-08,0.0,1.0216263401677636e-30,0.9999999882195424,7.852935151307641e-29,0.9999999882195424,2.268522856901985e-07
2015-07-01,0.2256861110409458,-1.6903126553953207,0.3543827833190516,1.974202943518488,2.8356396827215136,-33.516181075711174,-0.0999999999999996,0.13,2.29,4,9.043649824784525e-91,7.307604901192118e-07,0.0,2.2121636746727792e-32,0.999999269239464,4.5635924427555867e-32,0.999999269239464,1.1055804827610503e-05
2015-08-01,0.2413037985344868,-1.6854337113987985,0.3862892195465761,-6.25808182558657,-6.859415520764767,134.57096182855562,-0.1000000000000005,0.14,2.1,4,8.135897616287877e-88,2.1144917039859602e-14,0.0,1.5886589605805837e-37,1.0,2.2120930911612848e-32,1.0,-4.1627569744573797e-13
2015-09-01,0.00884296163417,-2.2407414414912674,0.5169238899761286,-2.6442831280001355,-3.273302412154533,-13.823426883538623,-0.0999999999999996,0.14,2.15,4,5.035384374234146e-87,2.0648824706079902e-05,0.0,3.195695982520548e-27,0.9999793511753112,2.1682118679396357e-35,0.9999793511753112,0.0002434050776068
2015-10-01,0.127616560670507,-2.72506606749946,0.4575813089947145,8.298311781266655,9.38473622312539,-38.48979716398277,0.0,0.12,2.05,4,3.710036224495493e-74,0.0013480542959273,0.0,2.115386850062552e-25,0.9986519457040384,8.177886179696393e-30,0.9986519457040384,0.0102565614554318
2015-11-01,0.4363182169185187,-4.033068306068888,0.771155670406598,0.0504869110334871,1.0867162379421202,7.033838668931347,0.0999999999999996,0.12,2.14,4,3.2029095340385906e-74,0.0799056720992536,0.0,5.705542118834462e-21,0.9200943279006868,4.591963320923794e-28,0.9200943279006868,0.2785389298295062
2015-12-01,0.6387247515364791,-4.496144811599123,0.5753609192790554,-1.753018503269255,-1.9821160335963817,12.895226484358968,-0.0999999999999996,0.24,2.01,1,2.904246336232269e-66,0.5568546950628074,0.0,1.1436277463684762e-19,0.4431453049372827,1.5765676278174609e-25,0.5568546950628074,0.6866682636008952
2016-01-01,1.2375025026943876,-3.236256019749162,1.0376323263620035,-5.07353220469523,-7.857554078057749,10.9280712713689,-0.2000000000000001,0.34,1.83,1,9.833337777204648e-67,0.9899367883926472,0.0,2.6559846623347105e-18,0.0100632116073336,1.2659237648930647e-26,0.9899367883926472,0.056291797880675
2016-02-01,0.8472775790126619,-3.11932976959608,0.656434172908904,-0.4128360309003542,-1.213710543665869,1.7326656480292302,0.1000000000000005,0.38,1.47,1,7.31492314272722e-63,0.9999906249589176,0.0,1.4457312926243578e-24,9.375041082612182e-06,1.1539138529935495e-30,0.9999906249589176,0.000117914154556
2016-03-01,0.8916160965521946,-3.515311400177057,0.4585700231665157,6.599111444005845,6.84298618849577,-32.11678672908539,0.0999999999999996,0.36,1.6,1,2.0536901722495037e-69,0.9999999029923904,0.0,4.391112381266548e-23,9.700754241023576e-08,9.584338349104098e-35,0.9999999029923904,1.6635296826358703e-06
2016-04-01,1.1726257503534845,-2.657903696138076,0.6294324840864896,0.2699398283332543,-1.9403109434616093,12.54480303890546,0.0999999999999996,0.37,1.58,1,4.6751902046939964e-67,0.9999999538026724,0.0,3.092761009321415e-23,4.6197429157623714e-08,9.738691170701787e-35,0.9999999538026724,8.264856899878538e-07
2016-05-01,1.0784764621246223,-2.448153056399993,0.4614696395357054,1.5324602525288444,3.616270738758343,-9.617835969594925,-0.2999999999999998,0.37,1.54,1,1.7135940917432075e-68,0.999999987543788,0.0,2.0827869656481373e-23,1.2456187960486614e-08,8.295555369229398e-34,0.999999987543788,2.3916989090579577e-07
2016-06-01,1.0792865347959424,-1.678117946525337,0.3796667369753148,0.0910921240124373,-2.129725588304898,10.147995607049332,0.1000000000000005,0.38,1.37,1,4.6845301545651193e-70,0.9999999923861652,0.0,4.682304104641662e-26,7.613928811845675e-09,5.379526742969168e-38,0.9999999923861652,1.49941187843413e-07
2016-07-01,0.8683633430518256,-2.196738284260069,0.4513864568497894,3.5609800753315435,6.596773393421995,-24.05630327160321,-0.1000000000000005,0.39,1.2,1,7.129828865418517e-72,0.9999999983069756,0.0,1.6021804615900615e-26,1.6930986797583152e-09,9.52904163110277e-41,0.9999999983069756,3.5886040033684655e-08
2016-08-01,1.0553158595656864,-2.164263084601936,0.6151557645673433,-0.1219242899019312,0.9897141914494868,13.0581314715982,0.1000000000000005,0.4,1.26,1,1.6589958884744248e-69,0.9999999827080048,0.0,2.0782534681941515e-26,1.7292075380952146e-08,3.7941314741806396e-41,0.9999999827080048,3.263515612644085e-07
2016-09-01,1.5486446201652182,-1.9939516469206888,0.508212247915174,-0.1234451139317305,1.8947940252934448,-0.9687042749765506,0.0999999999999996,0.4,1.34,1,1.0255742481272835e-68,0.999999987066758,0.0,2.179419117515924e-22,1.2933172109747266e-08,2.036041469963772e-39,0.999999987066758,2.478425300896812e-07
2016-10-01,1.685924966243646,-1.5023811304759715,0.5500777616891384,-1.942567890903446,-2.312873932252446,28.367189728446807,-0.0999999999999996,0.4,1.43,1,5.98464546164226e-63,0.999999997765144,0.0,5.580141992456429e-23,2.234771971329773e-09,3.721312980989539e-36,0.999999997765144,4.6747562008419615e-08
2016-11-01,1.6843334719788938,-1.1862778785850958,0.683454607794598,3.4174521829295035,2.592723177978651,-21.864007379851834,-0.2000000000000001,0.41,1.6900000000000002,1,6.907837299036958e-59,0.9999999995009148,0.0,5.825627113345916e-21,4.990332233031284e-10,2.3023341262546992e-43,0.9999999995009148,1.1185553701510822e-08
2016-12-01,2.0507989115119862,-0.0204964171657051,0.1997850796870093,1.8200762441865856,1.1165197653431047,5.326331899554693,0.0,0.54,1.98,1,2.868558711286495e-53,1.0,0.0,1.611221296695394e-17,3.868756496089652e-17,1.4868561050152622e-51,1.0,-9.985747285170685e-13
2017-01-01,2.510393348257112,-0.8031281419274894,0.5913629291723899,1.7884358198382522,4.3036364939231575,-14.601140999321627,0.0,0.65,1.92,1,5.08161481761986e-47,0.9999999999997726,0.0,1.500808377521952e-13,2.7119681283564883e-22,6.243409026102457e-56,0.9999999999997726,3.353185440618178e-12
2017-02-01,2.8103616813294208,-0.6864591168616152,0.572870131917802,3.719816006681631,3.751696873404775,7.75646641308525,-0.1000000000000005,0.66,1.9,1,3.871880703295756e-46,0.9999999999995453,0.0,3.9270858178397067e-13,1.4072437387965071e-24,2.9421481867073327e-63,0.9999999999995453,1.0175512663327647e-11
2017-03-01,2.44119623655914,0.7162067590550603,0.5180960344003838,-0.0389197135269414,1.4814382061574705,-4.256967395410626,-0.1999999999999993,0.79,1.74,1,2.617759449619025e-47,1.0,0.0,2.1002961235062934e-16,7.077265142895655e-36,3.123840020988901e-83,1.0,-9.942856120358169e-13
2017-04-01,2.176223471915395,1.3993011097695571,0.4136773465234666,0.9091208748854608,2.298301743980713,-12.53031693673946,0.0,0.9,1.4999999999999998,1,3.95990002451462e-53,1.0,0.0,1.6182143662036602e-18,1.638997422458877e-45,1.8006301523271443e-102,1.0,-1.0000441876691369e-12
2017-05-01,1.856343166761976,1.7500792534729248,0.3483650510713643,1.1576251246328662,2.4953685780273016,-3.789277809390657,0.0,0.91,1.4099999999999997,1,5.0466368402029135e-57,1.0,0.0,5.437053920412274e-21,7.761636457091808e-47,2.829094271046191e-128,1.0,-1.0000887503504894e-12
2017-06-01,1.640565809959127,1.480330854653911,0.0707578460132474,0.4813775207812565,-0.9373220941963468,7.396738415467796,-0.1000000000000005,1.04,1.21,1,4.3880047833404113e-57,1.0,0.0,2.995240545676995e-22,1.0056382195775696e-65,1.1766137185707534e-162,1.0,-1.0000888923056857e-12
2017-07-01,1.7251073506566073,1.1187969195710634,0.4529719378360441,1.934882600110188,3.3825080036069988,-8.228980779795059,0.0,1.15,1.2499999999999998,1,5.191995236340778e-56,1.0,0.0,1.2096107585094067e-20,1.9440568569998782e-76,4.455076116229049e-178,1.0,-1.000088566354037e-12
2017-08-01,1.92812155729698,0.8523014668689877,0.4142684312790967,0.0546433019853243,1.268722670266409,3.2163734536487354,0.1000000000000005,1.16,1.2,1,5.499634939624017e-54,1.0,0.0,7.463492717171851e-20,3.337413905342236e-76,2.0510838556110303e-180,1.0,-1.000086838342598e-12
2017-09-01,2.1805652303711787,1.0630336308315114,0.3504928806133733,1.9302978562167672,1.0468714016881098,-10.198299415908265,-0.1000000000000005,1.15,1.1700000000000002,1,8.755120302530708e-54,1.0,0.0,2.652854734173565e-19,3.942344302992026e-80,3.7806371598809067e-174,1.0,-1.0000815704733937e-12
2017-10-01,2.020757753132485,2.2919955326540453,0.4256712508186044,2.218813506615125,3.566985670029577,7.045216195254711,-0.0999999999999996,1.15,1.2899999999999998,1,1.5031593557531833e-55,1.0,0.0,1.4186211758998402e-20,9.359540083195024e-79,1.2370666688172407e-176,1.0,-1.0000885086023245e-12
2017-11-01,2.172493864295566,2.9662701539719283,0.3448900481831662,2.8082627806563343,2.1746056906426947,10.805495037521196,0.0,1.16,1.12,1,2.2593983638342007e-56,1.0,0.0,1.1093445147563292e-21,1.972425514944215e-80,2.2125615882717585e-204,1.0,-1.0000888699295194e-12
2017-12-01,2.129930719552253,2.467143465957866,0.2758301983522226,0.9831630594270502,0.4279902437090976,-2.127657595741339,-0.1000000000000005,1.3,1.0799999999999998,1,1.5394913936477795e-54,1.0,0.0,2.2373562779297467e-20,2.75986824468855e-103,4.4869734529957654e-234,1.0,-1.000088282377456e-12
2018-01-01,2.151318868063945,2.735287476546944,0.1087324389910326,5.617870412552817,7.3600047757332865,22.64492761447785,-0.0999999999999996,1.41,1.1700000000000002,1,2.960492522551952e-54,1.0,0.0,3.2875477462307985e-19,1.3060305123126207e-125,1.420800721807696e-251,1.0,-1.0000798167518297e-12
2018-02-01,2.263468931091861,3.3994953469032696,0.3409483254689816,-3.89473718793677,-1.8683207025945725,46.602662019159546,0.0999999999999996,1.42,1.2899999999999998,1,2.4559892771846358e-52,1.0,0.0,7.464670062276579e-20,2.6395194096437654e-116,2.2690839467568377e-251,1.0,-1.0000868380172854e-12
2018-03-01,2.3309497646499366,3.224806264183644,0.4638059327015442,-2.688449860055664,-2.8813321728640817,0.6045286124869875,-0.0999999999999996,1.51,1.14,1,2.7672374277395785e-48,1.0,0.0,2.6605860431239533e-18,6.542732796000848e-137,3.9445181270767864e-269,1.0,-1.0000153858797814e-12
2018-04-01,2.4709963021052994,3.309758614070435,0.1448499768097244,0.2718774995368322,0.0399213435471113,-20.23034124731817,0.0,1.69,1.11,1,8.640555563987751e-45,1.0,0.0,4.633531147810357e-16,2.65014035265121e-176,6.354571113457939e-305,1.0,-9.872861955295793e-13
2018-05-01,2.781921607842497,2.258420144436624,0.4004332088807905,2.16083418545836,5.318932005391752,-3.1387318921616503,-0.2000000000000001,1.7,1.12,1,1.7809630892409167e-41,1.0,0.0,6.266047021402781e-15,3.2112932717144796e-182,4.184303024605462e-298,1.0,-8.269907638638174e-13
2018-06-01,2.8075506935940187,2.8410387544831828,0.2994819388262071,0.484243626760783,0.9161325862309112,4.277380650412055,0.2000000000000001,1.82,1.0100000000000002,1,2.1130642368420163e-40,1.0,0.0,3.9994744328846256e-15,3.467907310155485e-200,0.0,1.0,-8.895953019675744e-13
2018-07-01,2.854124785561929,3.2543243815604805,0.2603798149038994,3.602155617289915,2.1502501707615806,-20.26103292707241,-0.2000000000000001,1.91,0.9300000000000002,1,2.0480918481743604e-42,1.0,0.0,8.185216889601736e-15,2.596709217501968e-236,0.0,1.0,-7.739897249337767e-13
2018-08-01,2.642923856874257,4.353587280888749,0.3620324629498794,3.0263211276748248,5.705969503481012,0.2338248881495142,0.0,1.91,0.8600000000000003,1,8.655839962566321e-45,1.0,0.0,1.0057722219441937e-17,1.428312018066721e-227,0.0,1.0,-9.99810995547975e-13
2018-09-01,2.332055105808828,4.313826088176409,0.1589165547453586,0.4294287426461762,-0.7792049993202155,-5.754275201196735,-0.0999999999999996,1.95,0.8700000000000001,1,7.770645219943712e-46,1.0,0.0,6.306371471008188e-18,1.923753308365923e-241,0.0,1.0,-9.999146491383308e-13
2018-10-01,2.492032470218053,2.930867401734427,0.0961815233187612,-6.94033560936963,-9.202311437184164,75.1650143786863,0.0999999999999996,2.19,0.8999999999999999,1,5.587207283760241e-44,1.0,0.0,3.2297722500546557e-17,2.0348254218638066e-298,0.0,1.0,-9.99196482572558e-13
2018-11-01,2.147328577667773,2.7666629800210174,0.2160251374705435,1.785935665477978,0.3372635410847202,-14.88459687022321,0.0,2.2,0.79,1,1.9440486564594705e-43,1.0,0.0,2.877538335992156e-16,1.1282681621831348e-306,0.0,1.0,-9.921380511198294e-13
2018-12-01,2.0023809043401064,2.5912536810940523,0.7250636880266503,-9.177689467997252,-9.4844343009027,40.675154983953774,0.1,2.27,0.4599999999999999,1,4.593173144647518e-43,1.0,0.0,8.196359974662191e-19,8.972247629891795e-306,0.0,1.0,-1.0000662532029597e-12
2019-01-01,1.4875893578291333,1.9116422323518512,0.4738743746525831,7.868440166582613,9.742776041862513,-34.81510761175416,0.1,2.4,0.3399999999999998,1,8.966122619901193e-43,1.0,0.0,9.165561448402682e-19,0.0,0.0,1.0,-1.000063575200489e-12
2019-02-01,1.5188615351321877,1.1096417703535089,0.3208807623684251,2.9728889343927145,3.444088126040868,-10.802655370067082,-0.2000000000000001,2.4,0.29,1,8.905002032848336e-42,1.0,0.0,8.214961115281953e-19,0.0,0.0,1.0,-1.0000662018061117e-12
2019-03-01,1.8831863513063984,0.6545559146318158,0.3646616023051496,1.7924256249588488,2.612535823625928,-7.239510921216496,0.0,2.41,0.1699999999999999,1,3.323348486421417e-40,1.0,0.0,2.6769634438851905e-18,0.0,0.0,1.0,-1.0000149333555625e-12
2019-04-01,2.000583470209061,-1.0247462328067725,0.2369586867680961,3.9313498313737982,4.736125827695337,-4.303429255625546,-0.0999999999999996,2.42,0.1499999999999999,1,2.6840676922772077e-42,1.0,0.0,3.1478426149394363e-16,0.0,0.0,1.0,-9.913911890790789e-13
2019-05-01,1.7959105553606136,-0.0101560119684762,0.7482527065917566,-6.57777313668354,-7.933406834365552,42.60670158287405,-0.1,2.39,0.0499999999999998,1,7.706841953907483e-43,1.0,0.0,6.445468023959663e-20,0.0,0.0,1.0,-1.0000871196332144e-12
2019-06-01,1.671194894390049,-0.7369328862962377,0.6501985962239498,6.89301639982407,7.420893706395515,-19.401386095091368,0.0,2.38,-0.1,1,2.458764326640336e-43,1.0,0.0,2.110351765122932e-20,0.0,0.0,1.0,-1.0000883174700996e-12
2019-07-01,1.826331335037068,-1.3774541767684445,0.5669378598264885,1.3128152166957952,2.113097815546716,6.8965578301657615,0.1,2.4,-0.04,1,5.142001289835542e-49,1.0,0.0,6.546307240555609e-19,0.0,0.0,1.0,-1.00007081246691e-12
2019-08-01,1.7376412106666406,-1.3396749291328724,0.6161516391514965,-1.809162724052393,-2.5997446136534985,17.741926514309903,-0.1,2.13,-0.32,1,1.550271874197276e-48,1.0,0.0,6.560593837860094e-24,9.590236484918954e-282,0.0,1.0,-1.000088900400565e-12
2019-09-01,1.6844977040391562,-1.7374573008364869,0.4861630516080906,1.7181177931020697,0.4578740540366111,-14.436247825089898,-0.1,2.04,-0.1899999999999999,1,1.3061655028238196e-51,1.0,0.0,8.094560268888868e-23,3.446741170517221e-261,0.0,1.0,-1.0000888983452312e-12
2019-10-01,1.7339736996186297,-2.4594751580988228,0.9197724493593462,2.0431770513684056,3.663058621536641,-18.59605632175093,0.1,1.83,0.06,1,1.7170986350926206e-52,1.0,0.0,2.0566019611331027e-21,8.334666417157304e-196,0.0,1.0,-1.0000888437558288e-12
2019-11-01,2.092290394862917,-2.047601522464615,0.7619060162258995,3.4047037714499906,4.499435132841234,-4.538580706130169,0.0,1.55,0.27,1,4.736535150176927e-50,1.0,0.0,4.800389123424489e-21,2.381709935889892e-143,2.667713029814147e-297,1.0,-1.0000887679421878e-12
2019-12-01,2.3195274699624457,-2.2991807373363926,0.3280766993654094,2.858981890573009,3.5442958374321654,9.19175798677687,0.0,1.55,0.32,1,2.2092338824234285e-48,1.0,0.0,8.24043515181457e-19,4.5751019723666206e-148,9.688353810953948e-293,1.0,-1.0000661314187517e-12
2020-01-01,2.599767976845202,-2.290379015513233,0.4787805751880869,-0.1628092819048965,1.9876159427214544,36.71988764636704,0.0,1.55,0.24,1,1.738526705485992e-104,1.0,0.0,1.81158919842882e-18,7.790504705739241e-145,6.752313215484262e-289,1.0,-1.0000388445257276e-12
2020-02-01,2.34131667975952,-1.4232217750208775,0.4395461912479748,-8.411048363840312,-6.377162183318119,112.89809068734004,-0.1,1.58,-0.02,1,7.773247084443475e-261,1.0,0.0,2.1022111414238664e-158,4.719401534455761e-144,8.199398133730308e-208,1.0,-1.000088900581841e-12
2020-03-01,1.4940399642909163,-5.315054964389065,3.495817411959101,-12.51192824089282,-10.122943303118992,33.48292221593678,0.9000000000000004,0.65,0.5800000000000001,4,0.0,0.0,0.0,1.869980796338088e-228,1.0,6.616045882500872e-237,1.0,-1.000088900581841e-12
2020-04-01,0.3130472940411133,-17.318282261376304,6.421194431971267,12.68440381652789,15.447197983741724,-36.21591157654439,10.4,0.05,0.52,2,0.0,0.0,1.0,0.0,0.0,1.8699808029539576e-228,1.0,-1.000088900581841e-12
2020-05-01,0.1982013035848551,-16.047738104539413,5.086146272855152,4.528181966555822,6.753101402091799,-19.443633968699142,-1.6000000000000014,0.05,0.54,5,0.0,0.0,0.0,0.0,0.0,1.0,1.0,-1.000088900581841e-12
2020-06-01,0.7166562831830481,-10.586064673581452,1.3835678316296507,1.838839651392421,5.994807168457905,10.614322253724785,-2.2,0.08,0.57,5,0.0,9.499664004293889e-252,0.0,0.0,8.876142117538124e-95,1.0,1.0,-1.000088900581841e-12
2020-07-01,0.9968647625897996,-6.783544959427434,0.8327832783278311,5.510132148044367,6.8248904388078735,-19.61880105432565,-0.8000000000000007,0.09,0.49,5,0.0,1.7110915449503944e-116,0.0,8.876142117534087e-95,4.7518275450964996e-57,1.0,1.0,-1.000088900581841e-12
2020-08-01,1.2810698495523851,-6.512241935326724,0.446774387117177,7.006466690171775,9.587385655533742,7.972202926930305,-1.799999999999999,0.1,0.55,5,1.4064556959296738e-200,1.3316076140631952e-95,0.0,5.230506269012922e-89,2.9489557538287032e-49,1.0,1.0,-1.000088900581841e-12
2020-09-01,1.3910228912373812,-6.183101854793705,1.0410952952485395,-3.9227970178423055,-5.162857309432001,-0.1514540265422637,-0.6000000000000005,0.09,0.5700000000000001,5,4.5960023633732784e-163,4.8371770586537275e-57,0.0,7.75246249144483e-67,2.3352521373491228e-20,1.0,1.0,-1.0000882553278304e-12
2020-10-01,1.2303863428671624,-4.622683457542831,0.8325718892770784,-2.766578622137972,-2.291647173327338,44.178988425352486,-0.8999999999999995,0.09,0.6900000000000001,5,5.762781058581709e-136,6.815648702423306e-33,0.0,2.279550280557221e-50,2.7435014976268428e-15,1.0,1.0,-9.24290669263751e-13
